date,Battery (Charging) -  GWh,Exports -  GWh,Imports -  GWh,Coal (Brown) -  GWh,Gas (Steam) -  GWh,Gas (OCGT) -  GWh,Battery (Discharging) -  GWh,Hydro -  GWh,Wind -  GWh,Solar (Utility) -  GWh,Solar (Rooftop) -  GWh,Temperature Max - C,Temperature Mean - C,Temperature Min - C,Exports Emissions Vol - tCO₂e,Imports Emissions Vol - tCO₂e,Coal (Brown) Emissions Vol - tCO₂e,Gas (Steam) Emissions Vol - tCO₂e,Gas (OCGT) Emissions Vol - tCO₂e,Emissions Intensity - kgCO₂e/MWh,Volume Weighted Price - AUD/MWh,Battery (Charging) Market Value - AUD,Coal (Brown) Market Value - AUD,Gas (Steam) Market Value - AUD,Gas (OCGT) Market Value - AUD,Battery (Discharging) Market Value - AUD,Hydro Market Value - AUD,Wind Market Value - AUD,Solar (Utility) Market Value - AUD,Solar (Rooftop) Market Value - AUD
2024-07-03,-0.95,-11.51,8.93,106.78,6.74,11.11,0.82,17.19,12.92,4.34,10.57,11.10,6.05,1.40,9791.45,3898.28,126527.12,3657.41,6691.20,0.00,203.29,131469.34,20909342.12,1521016.20,2736731.63,231992.25,3766148.48,2476022.05,751848.72,1667067.79
2024-07-04,-0.70,-11.69,15.97,98.22,6.28,9.98,0.48,17.38,22.67,3.77,6.41,11.30,7.72,3.60,9350.98,4955.33,116653.70,3408.58,5879.46,0.00,212.54,111874.48,19799995.06,1535151.05,2397351.58,122201.36,4132818.65,4310372.11,949248.67,1543198.40
2024-07-05,-1.01,-11.77,12.47,98.32,1.91,10.75,0.98,14.94,20.52,3.40,5.42,11.40,8.49,3.70,9805.49,2963.12,117373.79,1039.03,6305.60,0.00,189.97,132768.87,18007622.02,427037.24,2306344.63,246004.10,3239984.59,3460087.14,744243.66,1183508.82
2024-07-06,-1.14,-13.30,11.12,100.39,0.00,4.67,0.88,11.07,18.25,4.50,8.03,10.10,6.72,3.60,11601.37,3335.68,120055.62,0.00,2824.27,0.00,161.62,99293.62,15551270.05,0.00,986733.06,213078.68,2249573.43,2843525.59,667344.86,1007268.07
2024-07-07,-0.90,-21.42,1.23,99.62,0.00,2.64,0.66,6.98,34.52,2.93,10.23,16.40,9.19,5.30,16776.33,555.74,119164.71,0.00,1591.42,0.00,130.10,47566.31,11868542.23,0.00,639891.28,146343.14,1418432.14,4350846.24,169822.59,490727.66
2024-07-08,-1.05,-11.55,6.16,101.24,3.33,5.32,0.86,16.97,33.72,0.89,4.48,16.40,12.91,11.20,9881.03,3476.17,121129.44,1807.29,3313.63,0.00,201.97,123472.39,19591350.59,818206.71,1306451.21,232041.57,3909807.13,5742343.06,169656.23,897987.83
2024-07-09,-0.76,-12.60,7.40,97.79,7.32,9.40,0.48,17.58,26.13,1.41,3.12,12.80,11.56,10.20,9986.44,3937.74,116680.41,3974.94,5594.16,0.00,207.96,112197.47,19762704.35,1623310.46,2047401.02,120468.19,3800556.15,5446376.97,292447.91,661755.09
2024-07-10,-0.54,-15.63,14.13,85.95,6.38,11.05,0.60,14.55,21.39,1.78,7.17,13.50,11.14,9.90,10199.63,2769.45,102274.51,3465.57,6685.37,0.00,215.65,100735.01,18221907.82,1538346.72,2591309.42,158636.78,3426794.06,3503516.54,444004.56,1708988.04
2024-07-11,-1.09,-9.51,8.16,83.70,3.42,8.59,0.91,10.33,56.51,0.82,3.65,13.50,11.87,10.20,7150.08,4683.21,100319.62,1854.80,5061.48,0.00,160.27,76305.98,13164449.70,819617.07,1853248.66,187911.40,2194188.48,7313190.06,131962.13,602034.71
2024-07-12,-1.05,-16.02,6.72,104.72,2.50,9.15,0.91,13.14,13.03,2.42,6.98,14.70,10.30,7.90,15027.53,4547.39,125100.84,1357.40,5392.98,0.00,219.39,159699.31,22661806.22,527357.37,2173370.08,234015.42,3273737.18,2481160.60,362957.62,840203.42
2024-07-13,-0.98,-17.78,5.77,112.79,2.25,5.06,0.74,12.33,10.03,2.80,7.60,13.40,9.71,6.80,16698.48,3969.06,134426.65,1219.90,2850.43,0.00,173.05,90040.81,18775146.01,528682.89,1160927.65,172345.96,2607830.04,1475986.80,295148.91,759237.99
2024-07-14,-0.97,-15.89,6.19,105.57,3.39,4.62,0.81,9.27,18.85,3.40,8.02,11.40,9.09,7.40,13730.90,3861.67,125140.54,1842.53,2684.92,0.00,161.69,63653.10,16738046.06,716710.57,1036312.76,194458.24,1792993.25,2618912.18,221700.41,361364.07
2024-07-15,-1.20,-19.96,4.86,104.52,4.63,4.00,1.04,8.19,50.03,2.49,4.08,12.50,10.64,9.50,13160.73,1704.92,123840.83,2512.40,2367.40,0.00,119.37,75407.22,12043206.01,666777.60,660038.82,186588.03,1300490.86,5626585.54,242641.53,419260.01
2024-07-16,-1.05,-11.42,10.56,100.97,2.23,2.81,0.85,4.77,49.98,1.43,5.26,13.60,11.07,8.80,9867.62,4095.77,119741.77,1211.69,1645.55,0.00,102.47,36284.24,10001500.90,443289.28,520552.41,165983.27,780372.12,3772557.37,95954.81,348059.42
2024-07-17,-1.30,-20.29,5.33,106.52,6.75,7.03,0.97,9.77,24.53,2.70,6.59,13.80,10.04,7.40,16651.62,2163.02,126142.02,3667.17,4217.65,0.00,148.63,111324.98,15178457.35,1165395.40,1323202.60,214648.68,1716195.72,3616611.69,288402.44,665377.46
2024-07-18,-0.92,-15.55,8.24,106.48,6.80,9.98,0.85,12.93,19.20,2.06,7.56,11.90,9.82,7.80,11310.11,1919.84,126100.57,3692.28,5858.95,0.00,171.41,98458.85,17152717.60,1398280.93,2085454.88,240337.12,2676398.57,2788978.09,266287.12,925091.59
2024-07-19,-1.04,-27.13,2.81,101.57,0.00,2.01,0.82,4.14,73.30,0.76,3.61,12.00,11.16,9.90,17455.63,338.93,120452.50,0.00,1269.66,0.00,85.83,34268.34,8376113.28,0.00,307404.19,83490.05,565108.31,5926072.55,79497.79,317778.54
2024-07-20,-0.79,-23.94,1.49,97.84,0.00,0.00,0.58,0.88,72.40,2.21,4.14,12.00,10.29,8.10,18412.89,202.44,116074.46,0.00,0.00,0.00,34.15,2335.30,3318755.77,0.00,0.00,37682.49,63171.40,2124403.30,43913.51,63392.78
2024-07-21,-1.13,-30.97,3.07,103.16,0.00,0.00,0.70,3.42,48.92,2.51,8.05,15.90,12.95,11.50,22479.81,143.96,123005.15,0.00,0.00,0.00,39.23,-7706.28,3985331.90,0.00,0.00,64741.86,351834.27,1812918.69,-2655.37,-123028.61
2024-07-22,-1.14,-28.24,5.78,104.19,0.00,0.00,1.10,3.89,54.93,2.92,7.85,17.00,14.35,11.30,21020.05,365.44,124153.51,0.00,0.00,0.00,53.23,13485.18,5272267.83,0.00,0.00,122524.54,467017.94,2549627.80,51678.69,88589.77
2024-07-23,-1.17,-31.76,8.91,89.62,0.00,0.00,1.03,3.25,60.90,3.71,11.52,17.70,14.03,11.20,19635.87,311.83,106457.33,0.00,0.00,0.00,30.63,-12357.44,2699667.48,0.00,0.00,96001.69,285935.81,1620362.17,-69563.06,-305137.40
2024-07-24,-1.25,-27.72,1.97,89.99,0.00,1.33,0.97,0.87,73.11,1.83,7.33,15.70,14.31,11.60,18233.80,250.33,106554.62,0.00,734.05,0.00,25.52,-6262.29,2238947.40,0.00,105616.61,67508.96,46635.08,1654825.66,18586.52,47741.17
2024-07-25,-1.33,-23.94,3.79,101.38,2.39,4.83,1.08,10.30,52.57,1.61,3.62,13.60,10.49,7.80,17432.46,949.76,120002.78,1300.40,2926.65,0.00,110.44,47582.87,10803071.63,543869.95,763568.25,215287.77,1614153.62,3987304.98,112078.73,273018.83
2024-07-26,-1.23,-23.48,2.88,89.41,0.00,0.85,0.88,3.08,65.04,3.64,11.85,14.30,12.30,9.80,15050.60,805.62,105805.38,0.00,656.90,0.00,47.53,-4680.44,4421764.07,0.00,96828.50,100709.39,370564.32,2787707.63,-96735.21,-452724.11
2024-07-27,-1.25,-15.59,6.38,98.03,0.00,1.02,1.12,5.49,45.00,2.82,4.81,11.80,7.79,5.50,11880.87,2038.37,115553.32,0.00,565.46,0.00,98.20,73706.37,9474466.41,0.00,161733.61,169220.95,794786.31,3537762.39,326665.08,582667.66
2024-07-28,-1.02,-12.98,8.44,88.04,2.94,4.07,0.75,10.53,38.57,4.52,10.07,11.60,8.59,7.10,10580.67,5031.03,104402.18,1593.93,2386.04,0.00,119.92,41332.46,9804292.91,659979.12,923051.14,156678.99,2269093.21,3349957.80,268841.05,299661.45
2024-07-29,-1.37,-7.62,11.65,105.44,9.07,9.66,1.14,16.52,7.85,5.06,6.34,11.40,9.52,6.80,7027.81,4852.11,124739.70,4925.23,6114.36,0.00,326.51,203167.77,31242236.39,3202335.81,4746837.42,1005781.43,7348992.75,1482969.00,872072.75,1101155.04
2024-07-30,-1.12,-9.10,8.11,105.28,10.63,7.89,0.98,12.84,3.54,4.88,12.21,13.50,7.43,3.70,8538.05,3067.49,124564.77,5770.60,4976.89,0.00,335.35,153342.19,31022737.53,3427074.23,3609124.03,1150148.58,5715191.21,1401331.83,510459.52,1041467.57
2024-07-31,-1.17,-8.33,10.75,106.01,10.46,10.36,0.95,13.57,6.09,5.25,11.32,10.10,4.86,1.10,7645.78,3592.22,125487.53,5681.42,6413.69,0.00,314.86,172712.87,30190141.42,3184307.38,3927928.62,890953.84,5544387.30,2296528.18,696120.41,1295386.32
2024-08-01,-1.33,-22.25,6.68,109.78,9.92,8.55,1.12,9.90,13.93,5.19,13.04,16.20,8.55,3.90,17015.99,1135.07,130376.15,5388.91,5258.20,0.00,186.42,174901.00,19571088.84,1800386.20,1985252.34,272151.66,2256512.04,2540008.92,595598.03,1226639.62
2024-08-02,-1.68,-22.80,2.44,94.06,3.83,1.91,1.15,5.08,61.59,4.21,12.64,15.40,11.91,9.40,16337.17,765.10,111522.84,2081.30,1123.89,0.00,93.93,52918.02,8727903.87,161391.71,441149.41,223159.58,1038723.08,5076203.87,55217.04,124040.35
2024-08-03,-1.20,-4.47,15.56,103.64,0.00,4.29,1.21,12.44,11.67,3.46,7.22,14.10,8.38,3.30,4193.17,6589.52,122590.19,0.00,2643.68,0.00,197.40,136452.78,19780238.85,0.00,1114272.77,296474.74,2945727.61,1618104.02,526256.54,941144.96
2024-08-04,-1.10,-12.08,10.34,98.07,0.00,6.70,0.68,14.85,2.81,2.30,12.30,15.10,9.21,6.40,11962.50,5136.35,116468.76,0.00,3950.56,0.00,227.38,189775.71,21497613.20,0.00,1836432.93,181743.34,3692496.33,566492.77,350628.38,1839179.55
2024-08-05,-1.19,-8.55,9.21,102.50,0.00,15.44,1.25,15.38,2.70,1.63,9.10,15.20,10.39,6.90,6703.53,3068.21,121502.16,0.00,10474.84,0.00,2547.79,398134.64,218189240.80,0.00,45267927.16,12171481.49,49065107.68,4389343.27,1213770.87,4363322.04
2024-08-06,-1.45,-18.90,2.60,87.48,0.00,6.22,1.14,10.65,47.89,4.59,12.05,17.40,12.44,8.40,12592.04,565.69,103995.47,0.00,3573.05,0.00,134.53,73078.82,11594479.78,0.00,1210293.95,251548.77,2130134.55,5395743.59,126180.35,14508.57
2024-08-07,-1.30,-25.80,7.92,90.54,0.00,3.78,1.04,9.28,40.66,4.46,11.91,17.60,12.73,9.80,16674.35,861.71,107610.28,0.00,2331.03,0.00,129.53,74286.04,11230351.22,0.00,816538.94,257979.03,1838260.57,4334145.91,224663.97,318767.02
2024-08-08,-1.26,-18.50,5.53,85.55,0.00,2.00,0.98,6.38,72.76,2.42,8.21,13.80,12.77,10.90,12167.98,2877.30,101913.72,0.00,1103.19,0.00,74.08,12787.56,6192309.76,0.00,327492.29,127978.15,1036246.35,4557985.18,34874.10,261706.47
2024-08-09,-0.98,-3.33,11.23,80.85,0.00,13.98,0.86,15.81,9.39,3.66,12.13,17.30,11.76,7.60,2890.78,4941.65,96399.57,0.00,8551.24,0.00,196.12,135730.45,15334026.30,0.00,2953836.53,215175.30,3365319.86,1818315.65,506387.47,1563393.03
2024-08-10,-0.92,-4.27,14.36,79.26,0.00,7.81,0.72,13.14,2.93,5.19,12.82,17.10,11.37,6.00,3867.11,5953.33,94588.46,0.00,4515.55,0.00,165.47,85019.71,12473022.06,0.00,1529668.20,155115.62,2499009.03,462132.60,459620.15,950766.80
2024-08-11,-0.87,-19.70,10.25,83.23,0.00,7.19,0.74,9.82,4.81,3.96,14.45,19.40,11.95,6.80,16030.39,1691.01,99199.08,0.00,4143.67,0.00,160.77,54104.40,12486625.32,0.00,1421728.57,172153.05,1886369.90,732714.39,313943.56,796774.08
2024-08-12,-1.35,-27.22,6.75,83.19,0.00,3.28,1.16,4.45,47.67,5.20,14.77,20.30,15.08,10.00,18090.75,342.18,99124.43,0.00,1891.92,0.00,97.92,-9040.46,7829774.61,0.00,690725.35,235847.86,888130.96,4025677.46,44924.08,-105878.43
2024-08-13,-1.46,-22.46,3.00,78.12,0.00,1.71,1.04,2.87,55.08,3.91,14.19,20.00,15.80,12.50,15384.12,817.81,93976.25,0.00,1021.70,0.00,74.01,-310.80,5651640.71,0.00,277320.07,190350.01,487795.04,3832654.71,36892.02,-195581.98
2024-08-14,-1.18,-23.71,7.58,79.13,0.00,6.26,1.06,4.37,43.00,3.57,11.96,21.60,16.82,13.10,16364.87,1193.13,95209.53,0.00,3727.11,0.00,110.16,38158.75,8156886.55,0.00,1137897.29,194411.75,758214.33,4073993.51,125280.99,317586.65
2024-08-15,-1.41,-22.99,6.55,77.60,0.00,2.06,1.10,3.16,52.77,3.42,10.31,20.80,16.72,12.20,15030.33,873.39,93394.93,0.00,1253.73,0.00,56.06,-29843.22,4349384.79,0.00,252578.14,173817.45,482940.43,2302401.56,-23178.02,-97155.00
2024-08-16,-1.26,-14.69,15.34,82.65,0.00,2.56,1.09,5.32,49.20,2.43,4.52,16.20,13.22,10.30,11563.80,2406.01,99123.55,0.00,1553.92,0.00,98.90,40104.68,7988280.63,0.00,404361.55,177222.45,850840.02,4091132.18,170066.80,327807.87
2024-08-17,-1.02,-13.33,8.26,82.46,0.00,2.11,0.69,7.89,23.67,2.53,8.55,14.60,12.48,10.70,11386.32,2393.50,98915.31,0.00,1251.71,0.00,106.76,38106.55,8720507.64,0.00,300705.06,103104.45,1169121.76,2264824.68,116552.31,448743.49
2024-08-18,-0.86,-12.16,11.40,87.48,0.00,4.35,0.82,13.54,7.96,4.65,11.02,15.10,10.29,6.30,11165.87,3123.64,105080.22,0.00,2592.39,0.00,154.94,61748.73,12773557.18,0.00,872863.37,189234.98,2675162.87,1334985.03,285881.31,608351.54
2024-08-19,-1.18,-24.38,7.09,93.04,0.00,2.55,1.02,8.79,24.37,4.53,13.42,18.00,13.82,9.30,18401.72,919.46,111459.13,0.00,1509.14,0.00,107.55,69082.30,9560106.47,0.00,435383.38,190425.51,1338156.69,2533946.10,170069.99,374009.38
2024-08-20,-1.22,-15.20,8.12,87.23,0.00,0.43,0.99,3.49,58.20,1.48,5.31,17.60,14.81,12.20,11052.15,2271.42,104464.03,0.00,305.52,0.00,53.76,-9304.05,4352567.20,0.00,61359.03,104430.47,467559.68,2489979.79,44679.95,137524.27
2024-08-21,-1.17,-16.05,8.67,79.86,0.00,1.64,0.83,5.05,42.99,1.57,9.34,18.90,14.56,11.30,11864.70,1555.16,96018.30,0.00,1014.33,0.00,76.22,26214.07,6333057.98,0.00,206350.79,102422.76,570827.69,3049649.81,22494.76,46424.41
2024-08-22,-0.92,-16.83,11.90,80.98,0.00,3.11,0.86,9.78,34.73,2.58,13.79,18.90,14.54,11.10,12922.60,892.82,97430.04,0.00,1880.90,0.00,78.45,6842.68,6180538.42,0.00,407825.57,125131.76,1226302.68,2081155.32,-6495.46,-182139.14
2024-08-23,-0.53,-26.11,4.14,82.25,0.00,0.10,0.38,2.22,48.49,2.27,10.02,18.30,16.40,14.50,16498.16,248.75,98431.54,0.00,55.18,0.00,33.63,5878.79,2905525.17,0.00,8396.74,18077.29,133150.70,1306256.64,-12780.54,-86212.65
2024-08-24,-1.03,-27.99,4.54,76.47,0.00,0.00,0.82,4.95,42.93,4.87,15.16,21.50,16.23,12.10,20003.86,214.11,91550.25,0.00,1.93,0.00,6.04,-32714.26,429941.24,0.00,-2.35,30936.20,209633.24,93178.88,-183531.56,-658694.24
2024-08-25,-0.80,-24.50,5.70,66.96,0.00,0.00,0.46,0.53,54.82,2.53,11.27,23.40,16.25,12.90,15481.01,436.88,80329.36,0.00,1.93,0.00,-23.97,-36915.52,-1688311.65,0.00,-64.89,-4394.40,-1463.06,-1227987.90,-120145.00,-617425.79
2024-08-26,-0.96,-24.12,7.23,76.17,0.00,0.01,0.91,5.46,52.30,2.37,10.35,18.50,15.44,12.50,15761.59,616.00,91399.10,0.00,4.63,0.00,14.62,-26220.56,1250549.94,0.00,-17.28,64312.61,386164.64,221943.89,-28259.49,-230972.01
2024-08-27,-0.89,-27.89,5.79,70.93,0.00,0.03,0.52,0.63,69.55,3.03,10.09,19.90,17.45,14.00,16237.38,454.94,84971.13,0.00,24.43,0.00,-24.95,-31709.86,-1748233.15,0.00,-1018.34,-3785.53,-1814.60,-1778059.43,-112037.85,-400936.82
2024-08-28,-0.59,-28.26,7.23,76.45,0.00,0.02,0.38,0.87,63.69,3.51,13.35,18.20,13.32,11.20,19203.04,411.02,91528.27,0.00,19.04,0.00,-19.68,-19676.45,-1509498.33,0.00,-989.21,7716.00,22149.56,-1342821.04,-161087.03,-661096.80
2024-08-29,-0.58,-25.09,10.06,79.40,0.00,0.01,0.57,1.10,57.35,2.41,10.87,17.20,15.66,13.30,15140.44,624.43,94790.10,0.00,4.04,0.00,-8.13,-20182.46,-430813.76,0.00,-132.26,6992.10,50664.74,-603033.98,-74707.53,-398333.31
2024-08-30,-0.73,-27.49,10.58,70.13,0.00,0.00,0.56,0.90,62.14,2.25,14.39,19.50,15.44,13.30,17624.77,369.30,84125.17,0.00,1.93,0.00,-27.95,-31457.96,-2113936.83,0.00,-75.93,-2805.28,1315.93,-1666645.76,-106347.83,-774435.20
2024-08-31,-0.57,-29.17,7.48,68.72,0.00,0.00,0.42,0.06,60.81,2.38,10.74,17.90,16.07,14.40,18379.68,298.49,82461.91,0.00,1.93,0.00,-33.31,-24687.57,-2348587.00,0.00,-84.90,-4427.90,-812.72,-1950386.61,-109971.57,-520263.05
2024-09-01,-0.42,-25.45,8.48,68.38,0.00,0.00,0.17,-0.02,57.25,2.32,10.55,19.70,16.22,9.60,16799.37,326.15,82080.39,0.00,1.93,0.00,-42.36,-20263.46,-2967285.16,0.00,-105.10,-6520.91,-1194.39,-2396842.22,-114953.01,-557872.68
2024-09-02,-0.50,-24.22,5.47,79.25,0.00,0.00,0.52,2.76,58.70,3.16,13.92,12.80,10.45,8.40,17660.89,702.42,94782.11,0.00,1.93,0.00,-1.59,-14561.74,34079.15,0.00,-23.31,9040.60,165131.22,-160632.49,-114226.33,-589372.71
2024-09-03,-0.71,-18.52,10.98,95.29,0.00,1.30,0.73,5.93,23.11,5.31,13.98,16.50,12.37,9.70,11932.43,2377.37,112918.24,0.00,768.02,0.00,66.90,12837.70,6200854.31,0.00,237528.36,106921.07,703507.74,1284010.08,84738.78,112069.76
2024-09-04,-0.79,-27.68,6.89,74.22,0.00,0.00,0.51,0.70,66.74,2.79,15.39,19.40,16.86,14.10,16227.53,241.83,88193.21,0.00,1.93,0.00,-21.72,-28914.46,-1618895.37,0.00,-60.10,-2105.30,-806.66,-1443502.61,-95867.73,-716155.37
2024-09-05,-0.94,-22.81,10.72,78.31,0.00,0.04,0.84,1.83,66.54,1.64,4.61,21.00,18.02,14.20,15330.05,731.56,92843.11,0.00,31.62,0.00,9.84,-16766.53,945795.07,0.00,-851.25,27689.53,91405.03,195524.81,1622.35,-19981.42
2024-09-06,-0.77,-23.78,11.25,77.92,0.00,0.00,0.60,3.13,48.36,4.44,7.79,24.10,14.94,10.30,19969.15,1502.13,92473.99,0.00,1.93,0.00,24.48,4440.72,2255160.31,0.00,52.39,31938.68,205300.51,741961.35,17172.24,12726.02
2024-09-07,-0.87,-31.32,5.73,86.39,0.00,0.00,0.72,2.37,31.46,4.58,17.48,19.40,14.93,11.10,22000.03,116.86,102542.21,0.00,1.93,0.00,29.43,-28283.92,2807598.67,0.00,45.45,43786.19,155487.18,727613.48,-145121.58,-838982.58
2024-09-08,-0.84,-17.21,5.41,62.70,0.00,0.00,0.39,0.30,58.94,3.56,12.66,17.60,14.32,11.10,11076.19,552.93,74712.96,0.00,1.93,0.00,-15.01,-36180.26,-775160.52,0.00,-42.77,-1977.40,973.29,-889796.55,-157630.95,-650873.62
2024-09-09,-0.72,-22.83,8.28,81.74,0.00,0.53,0.78,5.60,45.55,4.36,12.38,17.60,12.88,7.40,19479.17,435.04,97372.71,0.00,295.88,0.00,28.69,-13956.10,2823231.78,0.00,58606.30,54212.82,521104.88,571708.95,-41520.80,-235473.75
2024-09-10,-0.99,-20.83,8.78,97.65,0.00,0.80,0.81,9.19,17.11,4.69,18.02,19.80,15.59,12.10,18611.50,623.68,116620.77,0.00,460.25,0.00,50.94,-20691.86,5137731.18,0.00,95808.41,71499.65,968528.68,623848.67,-76498.49,-851313.69
2024-09-11,-1.06,-18.71,6.30,95.44,0.00,0.00,0.81,2.22,34.16,4.25,11.50,19.30,13.03,9.40,13944.97,417.65,113732.90,0.00,1.93,0.00,30.57,7553.82,3132823.31,0.00,69.62,54470.52,145916.45,956992.75,24106.61,-62037.32
2024-09-12,-0.95,-17.90,7.93,87.15,0.00,0.92,0.79,6.43,32.32,4.49,18.14,13.90,12.15,10.20,16066.62,816.40,103961.29,0.00,509.59,0.00,29.73,-22775.14,2771524.22,0.00,91927.73,59379.06,585741.60,694945.66,-101980.56,-846431.43
2024-09-13,-1.12,-23.38,8.23,100.56,0.00,0.60,1.03,5.05,27.98,4.52,12.15,15.40,12.00,8.30,19269.21,264.09,119937.76,0.00,331.79,0.00,45.73,19692.24,4769708.00,0.00,57183.78,81713.00,417539.67,1339378.44,52711.49,27792.88
2024-09-14,-0.91,-21.13,9.61,86.48,0.00,0.00,0.68,1.92,50.43,4.52,11.52,11.20,9.07,6.20,14788.71,1029.78,103401.54,0.00,1.93,0.00,5.86,-29765.39,1028245.03,0.00,5.34,40025.02,52249.19,63982.34,-167786.20,-487939.56
2024-09-15,-0.91,-23.63,10.84,81.11,0.00,0.00,0.66,3.03,35.61,6.05,17.32,12.70,10.56,8.90,18862.42,418.79,97044.74,0.00,1.93,0.00,12.72,-35549.27,1149977.71,0.00,3.99,62218.15,252456.22,389262.04,-252923.74,-782147.18
2024-09-16,-1.04,-17.14,9.76,91.57,0.00,1.11,0.74,5.66,39.62,3.00,12.57,14.30,11.62,10.20,14517.32,891.81,109254.12,0.00,612.43,0.00,38.11,-9573.87,3744454.43,0.00,125543.11,59471.62,604437.67,1002659.19,-30959.77,-166439.23
2024-09-17,-1.05,-23.16,10.06,91.24,0.00,1.05,0.87,8.88,27.74,3.21,17.06,14.60,10.80,5.20,16376.91,469.98,108172.12,0.00,578.31,0.00,73.92,7524.17,6906695.05,0.00,146155.07,108660.50,1065777.74,1705847.84,2751.14,-155338.54
2024-09-18,-0.92,-29.31,8.83,77.45,0.00,0.00,0.67,3.03,53.94,1.67,20.92,20.40,15.11,10.90,21913.00,181.81,92122.69,0.00,1.93,0.00,10.86,-28737.22,1089495.50,0.00,6.03,35899.99,186941.93,271599.54,-53712.38,-1024785.43
2024-09-19,-0.83,-30.35,7.13,84.49,0.00,0.00,0.59,4.37,53.74,2.33,15.40,15.70,12.30,9.10,19357.34,127.09,100355.33,0.00,1.93,0.00,12.59,-15218.41,1456773.71,0.00,22.59,19500.78,161691.97,386407.92,-61494.95,-484361.08
2024-09-20,-0.68,-18.90,7.26,75.87,0.00,0.00,0.53,3.85,60.00,3.98,11.82,17.80,13.08,10.90,11448.38,479.95,90247.40,0.10,1.93,0.00,3.15,-19081.88,353712.24,-8.60,0.16,22023.51,87065.66,190134.11,-101707.10,-357656.39
2024-09-21,-0.78,-23.19,8.14,70.39,0.00,0.00,0.55,2.31,50.86,3.61,12.79,17.30,14.25,11.90,15505.13,245.87,83676.83,0.00,1.93,0.00,-9.36,-29613.62,-602564.96,0.00,-29.51,5640.42,24559.34,-467723.84,-108842.58,-495663.53
2024-09-22,-0.67,-28.70,7.47,70.61,0.00,0.00,0.58,2.42,46.78,3.98,14.39,19.90,16.00,11.30,19761.74,129.64,83961.18,0.00,1.93,0.00,-3.08,-22163.83,-186948.33,0.00,-16.13,9277.00,38654.60,-259149.91,-115636.28,-529041.88
2024-09-23,-0.68,-15.35,7.56,83.36,1.46,1.53,0.63,10.51,28.40,5.14,12.50,18.10,14.02,10.50,13091.33,510.33,98726.21,790.78,845.79,0.00,57.90,-2776.94,5157403.21,206943.01,235107.38,90293.31,1596876.09,113125.71,19211.39,-35732.79
2024-09-24,-1.06,-19.35,6.77,96.77,0.00,1.47,0.78,13.93,14.79,3.56,14.77,24.70,17.62,13.80,17317.96,369.04,114722.84,0.00,843.30,0.00,83.42,22652.20,7872551.84,0.00,231105.57,107489.36,1755541.71,674799.01,93119.94,428140.24
2024-09-25,-0.70,-13.41,9.86,100.85,0.00,1.89,0.59,11.29,21.36,1.75,5.65,12.80,11.03,9.10,10620.65,534.03,119437.18,0.00,1064.52,0.00,74.80,44662.64,7514534.68,0.00,160531.15,53057.09,969187.91,1394173.85,146960.91,497377.05
2024-09-26,-1.08,-16.05,10.93,85.73,0.00,1.32,0.90,7.91,28.54,6.06,15.54,13.60,10.82,8.60,13452.36,972.03,101699.87,0.00,735.34,0.00,43.27,2835.95,3774838.54,0.00,152463.49,78163.90,824698.65,739938.31,26069.85,51736.82
2024-09-27,-0.87,-22.08,11.21,86.93,0.00,0.00,0.69,9.13,10.21,6.16,22.78,16.30,11.45,7.00,17172.52,479.09,103069.26,0.00,1.93,0.00,50.51,-9194.75,4207519.62,0.00,87.06,76557.34,866402.01,532682.55,-89191.76,-539517.98
2024-09-28,-0.84,-28.65,5.04,59.98,0.00,0.00,0.58,0.63,46.59,2.60,22.61,21.70,18.29,15.60,16700.48,220.22,71644.83,0.00,1.93,0.00,-23.83,-62709.67,-1768144.44,0.00,-78.70,-8808.99,-702.99,-790049.33,-143478.16,-1701562.62
2024-09-29,-0.93,-29.63,12.06,68.70,0.00,0.00,0.79,3.79,54.87,3.11,6.42,17.00,12.60,7.80,22244.09,559.15,81790.76,0.00,2.02,0.00,6.55,-18042.54,786148.38,0.00,6.79,40523.01,264661.90,-198407.59,-60866.99,-105310.35
2024-09-30,-0.90,-23.67,11.22,76.97,0.00,0.77,0.72,8.96,30.67,6.18,19.98,18.20,13.54,8.60,17732.77,1118.93,91535.11,0.00,423.05,0.00,36.06,-31505.96,2831442.42,0.00,95482.64,66244.67,899449.23,682730.01,-153543.65,-607453.34
2024-10-01,-0.87,-7.89,10.28,75.22,0.00,0.97,0.75,11.28,26.78,6.47,16.97,16.80,12.73,7.50,6114.25,1697.75,89387.45,0.00,608.38,0.00,55.22,-17279.84,4424587.15,0.00,168689.30,117775.25,1302069.26,831527.94,-98503.09,-411212.06
2024-10-02,-0.35,-14.82,12.63,70.69,0.00,0.38,0.20,11.17,16.27,7.11,23.95,20.20,12.42,8.20,11289.90,1109.85,83247.89,0.00,275.86,0.00,61.98,-755.73,4434349.50,0.00,51943.71,28945.55,1202612.54,1295468.04,-83269.12,-540304.70
2024-10-03,-0.20,-24.66,4.76,63.40,0.00,0.00,0.03,2.06,43.87,4.15,23.10,25.80,21.18,17.70,13926.58,701.03,74928.14,0.00,1.93,0.00,-10.78,-10075.82,-411516.18,0.00,-36.51,122.82,37559.70,-510684.09,-177355.41,-1174958.56
2024-10-04,-0.51,-24.49,8.08,68.38,0.00,0.00,0.50,5.45,55.55,3.18,15.05,23.80,17.90,12.40,17061.42,190.16,81263.49,0.00,1.93,0.00,13.99,-6911.14,1295500.86,0.00,20.36,15042.95,399215.08,95293.52,-75000.55,-434482.83
2024-10-05,-0.20,-27.29,9.14,66.50,0.00,0.00,0.12,1.68,45.37,5.35,13.41,19.80,15.00,12.90,16398.84,334.26,79513.55,0.00,1.93,0.00,-5.43,-7633.22,-243291.47,0.00,-22.56,3329.32,34992.12,-312911.20,-205339.94,-560222.15
2024-10-06,-0.23,-32.60,6.10,58.75,0.00,0.00,0.08,1.11,60.01,5.76,16.99,20.60,17.22,14.50,18634.22,648.25,70392.62,0.00,1.93,0.00,-20.62,-10264.85,-1158899.53,0.00,-58.35,759.32,-6008.89,-1230314.67,-247120.20,-719474.38
2024-10-07,-0.18,-20.85,7.91,67.97,0.00,0.00,0.21,6.13,60.57,5.17,10.93,17.70,12.39,9.60,14881.25,713.28,81110.60,0.00,0.91,0.00,17.74,-1644.91,1610074.80,0.00,-12.16,2479.97,414246.15,534292.19,-75680.52,77291.15
2024-10-08,-0.29,-9.74,8.08,81.29,0.00,1.76,0.24,13.43,22.74,6.99,20.22,13.90,9.69,4.70,7715.79,1532.08,96566.81,0.00,1082.31,0.00,57.83,-1517.96,4682161.72,0.00,252223.85,32739.11,1226284.73,1326972.27,425.38,118536.93
2024-10-09,-1.58,-16.75,5.17,78.55,0.00,0.11,1.25,9.83,18.40,6.81,25.73,19.00,15.41,11.80,11468.34,1187.87,93927.40,0.00,59.81,0.00,41.00,-16574.00,3222839.83,0.00,-1761.82,129870.41,980708.74,758510.19,-172321.55,-1210099.15
2024-10-10,-1.63,-15.57,10.98,63.74,0.00,0.13,1.08,4.61,40.68,7.99,24.36,19.10,13.37,8.20,11238.78,489.68,76027.07,0.00,69.61,0.00,6.11,-38133.95,422977.17,0.00,-2545.91,36388.09,192467.39,84245.17,-271097.49,-817550.63
2024-10-11,-1.39,-13.55,12.51,64.48,0.00,0.00,1.35,7.47,34.35,6.11,19.51,16.20,13.61,11.20,9543.84,1231.91,76900.96,0.00,0.00,0.00,21.98,-7693.45,1797982.52,0.00,0.00,63230.35,456634.69,537280.20,-173369.43,-657978.59
2024-10-12,-1.13,-15.26,7.35,63.65,0.00,0.00,1.00,7.85,19.06,4.69,25.58,18.90,12.86,7.30,11519.82,883.87,75899.58,0.00,0.00,0.00,13.85,-74948.27,655180.69,0.00,0.00,54127.23,566628.20,456900.15,-188015.14,-3685002.85
2024-10-13,-0.96,-16.99,8.42,62.98,0.00,0.68,0.86,9.37,25.33,4.56,23.19,24.20,18.95,14.50,12711.39,795.12,75213.32,0.00,375.22,0.00,49.83,-37363.91,3184243.08,0.00,100752.02,109384.31,1146427.68,478984.19,-122573.59,-517593.92
2024-10-14,-1.19,-16.36,5.46,68.10,0.00,0.00,0.79,6.68,29.82,5.89,20.11,19.60,15.29,10.70,10531.96,786.39,81219.68,0.00,0.00,0.00,24.96,-4142.51,2023358.85,0.00,0.00,29619.35,541715.26,224619.62,-125197.48,-546894.33
2024-10-15,-1.16,-16.92,7.60,63.88,0.00,0.25,0.92,5.87,38.07,4.11,21.25,26.40,20.02,16.20,11341.88,699.35,76170.07,0.00,190.49,0.00,19.08,-5758.72,1271076.06,0.00,17216.74,45810.37,331484.31,521022.11,-17733.45,43383.17
2024-10-16,-0.66,-25.94,6.14,65.10,0.00,1.36,0.78,10.43,39.45,4.84,19.52,24.70,21.11,16.30,16702.56,1036.18,77765.75,0.00,909.93,0.00,47.59,982.79,3090183.09,0.00,257277.61,89856.95,1195084.16,1115185.71,41121.75,230105.25
2024-10-17,-1.29,-17.10,7.82,63.51,0.00,0.25,1.08,7.34,53.28,4.61,15.20,25.20,21.12,18.70,10002.88,903.30,75267.63,0.00,181.30,0.00,40.31,7267.48,2649472.77,0.00,30172.23,75427.96,591677.17,1583208.76,-56878.26,-29269.92
2024-10-18,-1.43,-21.88,3.26,65.69,0.00,0.00,1.00,2.42,59.36,3.44,8.43,21.80,16.30,13.20,12491.35,719.46,77668.42,0.00,0.00,0.00,21.37,-8630.10,1349702.91,0.00,0.00,50116.96,156741.57,669368.65,6704.76,-81670.73
2024-10-19,-1.06,-12.85,9.81,56.45,0.00,0.00,0.92,6.04,37.78,5.29,20.46,16.50,14.87,13.50,9407.19,1656.22,66939.35,0.00,0.00,0.00,15.39,-51128.03,1100561.59,0.00,0.00,53801.65,420655.36,643181.97,-188661.67,-769703.72
2024-10-20,-0.99,-16.03,7.01,59.50,0.00,0.00,0.76,5.60,22.88,5.77,21.26,17.10,14.31,10.00,12254.16,1558.98,70478.67,0.00,0.00,0.00,34.42,-47581.96,2268846.30,0.00,0.00,65732.20,452494.99,1000484.14,-233376.92,-615447.21
2024-10-21,-1.30,-17.59,5.84,74.31,0.00,1.21,1.11,9.10,17.74,7.90,26.21,27.50,20.56,15.30,13251.21,1196.22,88502.09,0.00,756.17,0.00,57.37,4494.74,4218457.67,0.00,239161.25,170094.80,1226211.07,757865.25,-166471.39,-171305.43
2024-10-22,-1.63,-14.82,8.60,73.51,0.00,1.39,1.09,3.86,35.45,5.32,22.53,29.80,17.61,13.10,12223.33,1285.12,87546.42,0.00,866.95,0.00,34.54,-5869.28,3229534.37,0.00,145675.08,67413.73,431785.12,648349.69,-113514.58,-127741.51
2024-10-23,-1.96,-16.22,9.29,72.24,0.00,0.00,1.49,9.06,22.29,2.97,21.25,19.20,14.36,10.40,12206.38,1995.87,85973.60,0.00,0.00,0.00,52.86,-1401.62,3867057.29,0.00,0.00,82052.28,1250420.19,-137567.11,-152220.28,-949330.62
2024-10-24,-2.16,-17.29,5.47,69.79,0.00,0.00,1.77,3.78,36.44,6.06,21.92,16.50,12.93,9.80,12902.88,1451.94,82827.48,0.00,0.00,0.00,14.33,-46609.07,1901102.83,0.00,0.00,6020.97,170169.01,810301.54,-283183.13,-999655.40
2024-10-25,-2.14,-13.36,9.17,78.58,0.00,2.05,1.81,7.44,16.27,7.60,24.07,15.30,11.38,6.10,11596.09,1793.61,93421.87,0.00,1230.09,0.00,62.73,-59816.77,5269506.49,0.00,286734.47,90638.39,863466.32,1136644.71,-124171.54,-493206.95
2024-10-26,-1.11,-17.42,6.46,74.81,0.00,0.25,0.90,7.43,10.71,4.99,27.36,22.60,18.41,15.50,15750.49,636.75,89093.00,0.00,185.85,0.00,55.19,-74139.09,4007709.02,0.00,33832.33,100365.34,813946.78,666621.95,-122142.06,-1486487.47
2024-10-27,-1.27,-19.18,5.57,70.75,0.00,0.00,0.98,3.38,27.02,5.46,20.74,25.50,17.14,12.50,15555.60,1397.79,84353.88,0.00,0.00,0.00,9.13,-44514.10,1015938.92,0.00,0.00,24773.55,175105.20,481874.46,-252368.28,-1552341.86
2024-10-28,-1.32,-13.31,5.16,72.15,0.00,0.00,0.99,6.33,24.24,5.53,24.90,16.40,13.80,10.10,10622.39,1452.76,85850.09,0.00,0.00,0.00,7.38,-79027.94,888505.61,0.00,0.00,48103.91,473892.84,445072.88,-253471.84,-1400314.68
2024-10-29,-1.42,-10.70,5.58,75.65,0.00,1.45,1.22,10.67,14.45,7.01,21.24,18.30,14.81,11.80,9149.77,2292.62,90022.45,0.00,853.89,0.00,59.92,-20826.73,5267482.69,0.00,219702.33,133492.81,1266394.41,1122257.00,-135293.29,-1243664.76
2024-10-30,-1.42,-9.74,3.73,77.21,0.00,1.48,1.12,11.03,12.48,6.66,24.42,21.30,15.46,12.50,8375.86,1086.95,91823.75,0.00,988.80,0.00,65.75,22229.78,5705029.95,0.00,158223.52,115077.66,1256415.71,975676.67,-111187.36,-1306508.37
2024-10-31,-1.20,-14.61,3.09,76.37,0.00,0.20,0.83,9.60,26.56,6.52,20.06,18.40,14.16,12.10,11698.82,858.83,90911.89,0.00,190.41,0.00,42.96,34234.09,4064148.28,0.00,9733.16,71900.08,871037.47,1091520.16,-167489.68,-700715.80
2024-11-01,-0.90,-10.19,5.27,74.98,0.00,0.00,0.64,6.26,21.88,7.04,22.29,18.20,12.78,7.60,8581.35,1873.81,89332.90,0.00,0.00,0.00,22.30,-22894.28,2256188.18,0.00,0.00,42720.57,471712.66,739571.49,-191545.50,-878186.09
2024-11-02,-0.72,-19.10,10.29,57.96,0.00,0.00,0.51,1.40,37.31,3.68,25.25,25.60,22.88,18.30,13448.78,1780.65,69122.55,0.00,0.00,0.00,-21.49,-74211.00,-1487420.55,0.00,0.00,-4666.67,15539.67,-46970.50,-195479.10,-1932139.79
2024-11-03,-0.80,-25.18,3.63,59.25,0.00,0.00,0.44,4.33,38.58,5.38,26.22,20.70,16.23,13.00,16769.13,670.80,70700.73,0.00,0.00,0.00,14.46,-28183.97,965334.16,0.00,0.00,18447.42,347031.04,165891.04,-193764.46,-984562.28
2024-11-04,-0.80,-20.83,5.63,78.76,0.00,1.63,0.68,9.73,13.70,7.23,22.02,19.00,14.54,9.60,17687.68,1154.05,93592.87,0.00,949.16,0.00,72.99,-12888.21,6044408.97,0.00,225736.39,88422.91,1068391.13,925075.41,-4706.42,-255000.90
2024-11-05,-0.79,-20.94,8.09,72.18,0.00,0.32,0.67,9.10,14.34,6.54,26.08,28.20,21.43,16.90,17073.77,1116.65,85027.73,0.00,177.36,0.00,82.38,3752.73,5701916.08,0.00,41872.67,77807.96,1070499.06,937620.50,63160.11,84498.97
2024-11-06,-1.66,-28.48,6.71,66.93,0.00,0.04,0.78,6.90,59.16,5.04,19.99,32.30,20.83,14.00,16283.08,606.47,79392.90,0.00,20.12,0.00,24.89,-23202.82,2224510.82,0.00,-339.20,39957.12,532236.19,713737.36,-52546.89,-211363.21
2024-11-07,-0.60,-16.00,6.68,79.50,0.00,0.00,0.55,10.14,19.79,4.86,23.06,21.00,15.86,11.90,13239.41,1214.60,94580.85,0.00,0.00,0.00,89.91,-6186.08,4789203.33,0.00,0.00,47839.34,1026262.86,706665.92,31576.45,-1234522.15
2024-11-08,-0.91,-17.75,7.93,60.47,0.00,1.14,0.82,4.52,41.88,5.97,20.82,19.20,14.02,8.30,11466.39,1890.69,71447.43,0.00,665.56,0.00,18.15,10924.48,1865986.47,0.00,151236.05,38430.17,547184.28,-13263.56,-248190.78,-1009654.04
2024-11-09,-0.57,-17.93,9.55,75.68,0.00,0.29,0.56,9.37,12.86,5.39,20.23,18.90,14.61,9.80,15327.53,1585.93,88999.08,0.00,159.15,0.00,100.69,6198.86,7481943.71,0.00,35852.81,92582.79,1442635.56,1099440.28,49768.80,132590.18
2024-11-10,-0.60,-15.26,9.47,68.00,0.00,0.00,0.42,6.83,11.98,6.96,24.21,20.40,15.50,10.00,13116.22,4004.00,80155.50,0.00,0.00,0.00,52.25,-31008.75,3756750.37,0.00,0.00,37432.33,728104.05,1033011.90,-211576.76,-1535548.02
2024-11-11,-0.64,-23.60,5.58,81.69,0.00,2.46,0.42,10.97,17.35,4.93,25.13,24.50,18.32,13.30,19886.52,2525.01,96582.89,0.00,1409.92,0.00,50.11,-20213.29,6539822.79,0.00,332846.79,52851.43,1246567.84,1734915.88,228115.64,582809.33
2024-11-12,-0.46,-15.72,7.86,79.42,0.00,5.48,0.44,16.56,13.61,3.30,19.40,24.50,18.77,16.00,13142.32,1592.38,92995.04,0.00,3584.05,0.00,135.19,47784.28,10308299.46,0.00,820761.85,71815.29,2312973.67,1832994.50,437533.38,2228273.40
2024-11-13,-0.71,-14.83,5.84,72.13,0.00,0.29,0.58,10.27,33.04,5.26,16.36,18.10,15.15,13.20,10361.29,1570.10,84566.58,0.00,268.47,0.00,58.61,-40675.02,4564935.32,0.00,-4730.06,67026.69,1241418.75,1682936.61,-112098.13,-483795.39
2024-11-14,-0.63,-13.82,5.62,69.51,0.00,0.90,0.54,12.76,19.14,6.09,25.18,17.20,14.33,10.60,10815.15,1504.21,81831.43,0.00,732.41,0.00,94.98,39642.02,6524552.21,0.00,54070.33,68261.97,1603036.33,1987223.60,172763.35,196966.26
2024-11-15,-0.80,-15.17,5.17,70.05,0.00,0.96,0.74,10.35,17.02,8.10,27.98,18.40,17.69,17.00,12065.39,2004.60,82948.76,0.00,702.57,0.00,37.84,-22507.37,5014247.18,0.00,111022.67,85553.98,1183100.81,1638586.40,-33558.46,-508808.02
2024-11-16,-0.84,-21.44,4.18,66.68,0.00,0.00,0.70,4.19,41.83,4.31,27.38,33.30,27.13,20.40,14433.05,623.84,79447.86,0.00,0.00,0.00,-42.59,-36537.85,1645613.87,0.00,0.00,62515.39,339410.10,569658.50,-168827.11,-1322421.66
2024-11-17,-0.88,-20.45,7.67,61.73,0.00,0.00,0.40,3.97,44.00,3.38,16.13,23.20,16.64,12.10,13594.93,1067.80,73393.76,0.00,0.00,0.00,-26.94,-97269.04,-141928.55,0.00,0.00,-7435.77,9160.84,-894171.19,-195062.12,-963949.48
2024-11-18,-0.87,-19.01,4.20,66.51,0.00,0.65,0.66,3.39,38.91,6.78,23.51,18.20,15.33,13.60,12551.74,1675.90,79324.38,0.00,425.18,0.00,14.22,-42417.03,1379887.79,0.00,33028.25,45791.27,134426.01,152853.99,-197825.08,-1934819.99
2024-11-19,-0.81,-14.35,3.25,82.14,0.68,0.70,0.83,8.43,15.63,7.48,26.28,16.90,14.56,13.00,12449.30,914.71,98273.96,370.40,458.03,0.00,62.43,-32975.17,5502780.93,48008.86,62067.11,90836.58,919709.42,1104384.86,-87840.15,-831656.00
2024-11-20,-0.77,-12.15,1.57,80.88,0.01,1.15,0.66,7.83,25.13,6.90,26.30,19.50,14.53,10.80,9534.49,434.07,96684.77,2.99,703.45,0.00,62.99,-24678.54,5351517.54,260.48,145803.70,74663.91,786072.71,2001735.63,-56135.51,-595764.24
2024-11-21,-0.87,-8.94,1.83,83.97,0.01,3.50,0.79,14.32,12.92,7.61,28.26,30.30,20.55,15.40,7451.24,369.38,99630.07,3.12,1990.90,0.00,111.00,28798.39,8923970.14,666.04,588940.96,82527.56,2004033.88,1664849.01,372608.35,1123695.14
2024-11-22,-0.75,-7.78,3.55,85.52,2.09,5.94,0.65,15.72,22.42,7.85,25.05,36.80,29.90,22.90,6097.13,1107.74,101603.90,1132.96,3564.92,0.00,124.21,17272.45,9598519.00,395890.09,1147915.46,82709.04,2697132.04,2487972.43,575306.64,2298081.54
2024-11-23,-0.65,-11.61,1.64,83.64,2.10,2.76,0.33,11.55,44.76,5.19,18.40,36.10,23.86,18.60,7857.91,585.01,99453.06,1140.71,1666.83,0.00,77.58,19138.81,6671111.31,229559.20,395851.16,42356.13,1518901.49,2084400.01,169767.78,762151.72
2024-11-24,-0.42,-5.21,4.37,87.33,0.00,6.92,0.27,11.40,5.61,1.38,8.73,21.70,18.79,16.70,4975.94,1707.27,103761.04,0.00,3964.06,0.00,139.63,50502.12,12201904.42,0.00,985809.08,43804.85,1598338.66,834174.69,165846.80,1065292.96
2024-11-25,-0.47,-6.32,4.47,93.20,2.27,6.55,0.42,12.47,7.59,2.25,11.48,19.80,18.07,17.10,5530.56,1370.91,110763.08,1231.49,3720.83,0.00,169.51,67331.55,15643248.73,382047.94,1114739.60,78927.86,2179593.04,1225381.66,378871.18,2023091.95
2024-11-26,-0.63,-13.02,5.02,92.93,2.12,4.35,0.44,13.22,11.35,3.11,20.09,26.10,22.74,20.30,10642.70,939.07,110440.78,1149.67,2589.27,0.00,143.62,65744.36,13082734.23,347576.32,651282.53,74552.15,2005151.97,1692962.81,409367.76,2698728.23
2024-11-27,-0.64,-23.00,9.36,85.78,0.00,2.16,0.61,8.04,35.39,5.50,21.69,29.60,21.21,15.80,17379.09,783.20,101942.56,0.00,1344.45,0.00,68.72,1352.61,6283796.62,0.00,404828.31,92798.86,1049028.84,1251414.04,-56484.50,-484069.85
2024-11-28,-0.76,-13.26,4.58,80.02,0.00,3.45,0.34,7.55,16.02,9.50,25.49,24.60,20.91,17.20,10900.59,1329.94,95136.11,0.00,1944.99,0.00,90.43,19411.92,7148570.19,0.00,407924.25,32585.98,833004.32,1607978.94,490203.12,1299428.61
2024-11-29,-0.40,-13.11,11.96,62.72,0.00,3.12,0.57,10.17,32.30,8.36,27.25,30.00,22.92,19.70,8985.88,2138.38,75432.85,0.00,1887.70,0.00,128.14,37848.51,7719494.61,0.00,471560.45,77252.76,1568789.44,4229214.63,902822.63,2960531.90
2024-11-30,-0.50,-11.96,12.62,65.80,0.00,5.55,0.44,11.46,23.82,3.37,15.85,23.60,21.12,18.90,8580.65,2566.14,79132.42,0.00,3211.39,0.00,139.01,54004.09,9051257.46,0.00,834900.98,73159.88,1681253.45,3132406.79,340640.01,1908795.99
2024-12-01,-0.68,-25.04,5.61,62.24,0.00,1.96,0.51,5.03,39.92,5.25,21.31,25.00,20.08,15.70,16096.37,608.57,74218.73,0.00,1193.51,0.00,55.68,-20889.38,3889025.75,0.00,329986.81,66252.72,752058.19,1092728.56,-124766.24,-811578.79
2024-12-02,-0.61,-11.18,10.95,67.82,0.00,3.53,0.43,6.80,29.82,6.46,27.98,31.50,26.50,21.40,7295.05,1754.39,80898.22,0.00,2191.87,0.00,103.08,298.09,6959339.32,0.00,593919.05,66929.02,1050738.04,3033772.17,158355.29,946637.55
2024-12-03,-0.68,-15.28,6.92,67.82,0.00,2.43,0.45,4.99,49.45,6.48,20.78,30.50,19.73,13.70,9566.54,1348.23,81033.72,0.00,1403.40,0.00,69.70,-2937.86,5186024.21,0.00,239114.78,55288.32,580780.51,3103204.25,58719.40,-23056.36
2024-12-04,-0.56,-18.62,4.87,76.98,0.00,4.29,0.43,10.51,15.17,4.81,29.68,25.60,18.64,14.00,16198.06,269.60,91580.31,0.00,2507.55,0.00,103.65,30948.55,7406139.56,0.00,544011.83,57997.45,1291403.60,1736227.72,338027.87,1560623.02
2024-12-05,-1.20,-14.36,9.76,79.01,2.97,5.74,0.97,13.74,15.85,8.45,29.82,32.90,26.94,20.50,11157.79,2894.68,94122.15,1612.23,3414.77,0.00,154.72,126453.87,10700256.70,735916.44,1364725.10,172347.68,2952150.15,2255388.37,1009923.28,3228799.47
2024-12-06,-0.62,-15.36,9.00,79.92,3.23,7.58,0.45,13.71,25.12,5.36,16.63,27.50,22.13,19.50,11269.34,2823.61,95312.87,1754.81,4376.63,0.00,126.26,63748.94,10023216.11,440187.90,1018497.60,68757.54,1883821.96,3043468.45,633074.52,1991994.51
2024-12-07,-0.70,-17.48,6.63,68.55,0.01,0.82,0.49,4.64,40.05,7.12,20.42,26.50,19.36,13.90,11979.62,1193.57,81608.56,5.70,452.57,0.00,36.59,-7090.21,3053867.16,379.88,128208.50,39116.67,483734.43,1123215.18,-60085.52,-285431.31
2024-12-08,-0.66,-18.70,5.12,63.62,0.01,0.00,0.47,3.69,24.91,4.85,28.93,20.20,16.62,12.90,14602.55,1090.11,75956.85,3.08,1.93,0.00,38.50,-37316.04,2350689.80,145.53,38.28,28915.80,406399.62,1020999.05,-183426.16,-1903665.39
2024-12-09,-0.59,-15.17,9.69,76.78,0.01,1.62,0.67,12.22,8.50,6.27,24.84,21.50,17.48,14.80,13055.75,1807.37,91599.56,4.25,896.90,0.00,119.29,5755.11,8779911.00,762.12,252247.44,99257.64,1896984.86,911829.39,282652.67,912098.63
2024-12-10,-0.51,-15.87,11.09,69.75,0.01,0.80,0.41,11.62,15.07,5.65,26.84,21.20,17.26,14.00,12910.53,1214.75,83107.52,3.44,445.26,0.00,93.54,-8543.96,6661108.14,465.25,116513.41,56156.46,1675559.86,1242834.98,84514.03,-347544.46
2024-12-11,-0.53,-15.73,8.50,66.06,0.01,1.56,0.53,6.34,24.08,7.86,27.93,23.40,18.76,16.40,11973.91,1362.31,78847.36,4.34,871.88,0.00,66.77,-11322.93,4862343.13,416.16,213537.36,54786.55,837600.75,1396876.53,-152111.01,-1101722.38
2024-12-12,-1.37,-16.67,11.38,70.88,0.01,1.57,1.06,8.65,25.25,6.06,26.97,26.10,20.22,16.90,12229.05,1671.92,84485.86,3.26,916.61,0.00,113.62,30662.71,8137376.05,519.35,268461.37,95372.43,1407643.31,2476594.84,283257.33,329462.59
2024-12-13,-0.72,-15.04,13.15,69.03,0.01,3.98,0.51,7.17,17.69,9.57,25.78,21.20,17.29,12.70,11883.15,2579.22,82284.26,3.44,2365.95,0.00,119.02,18573.64,8632719.06,789.03,769717.77,84596.53,1319175.94,1953965.37,343092.53,487940.29
2024-12-14,-0.62,-13.46,10.28,71.82,0.01,4.28,0.56,5.65,10.39,8.15,23.89,23.80,18.39,12.90,11607.81,1442.30,85456.54,3.53,2473.83,0.00,137.22,14671.96,9723311.13,716.15,856033.45,106984.90,1135075.75,1727201.39,294149.84,1124115.19
2024-12-15,-0.62,-18.11,8.32,76.54,2.00,3.50,0.48,6.97,15.37,10.04,29.74,33.30,25.17,20.00,15210.78,2516.63,90978.88,1087.74,2025.52,0.00,124.86,6018.81,8833383.74,446055.69,636443.84,100918.11,1378340.61,2199119.07,414242.66,1148311.01
2024-12-16,-0.98,-23.27,9.74,86.35,2.80,7.85,0.63,13.67,57.27,5.17,20.39,39.10,25.88,17.60,15005.35,1782.84,102570.39,1521.70,5003.27,0.00,131.21,95216.46,10202646.85,547662.97,1521526.22,119722.32,2643411.02,5404320.43,594367.92,3555488.64
2024-12-17,-0.84,-21.16,7.81,69.65,0.00,0.00,0.64,2.12,43.53,6.40,27.94,22.60,18.30,15.30,14703.45,740.10,82883.51,0.00,1.93,0.00,34.99,-21502.09,3150261.34,0.00,61.08,50435.54,226847.21,1166102.05,-211841.02,-1208754.78
2024-12-18,-0.70,-18.43,7.22,69.24,0.00,0.00,0.53,3.03,28.21,7.60,29.88,22.70,17.05,11.60,14331.41,1817.33,82380.16,0.00,1.93,0.00,47.12,-30548.27,3791480.98,0.00,79.46,45106.22,330270.72,1660435.19,-174950.44,-1212208.63
2024-12-19,-0.67,-21.90,7.52,83.91,0.00,1.03,0.48,5.23,23.04,8.35,30.59,30.40,23.50,16.40,18082.85,2615.66,99536.17,0.00,565.88,0.00,55.68,-27363.31,4643902.10,0.00,137551.13,52988.62,647324.63,1530666.92,52425.52,-240314.40
2024-12-20,-0.82,-24.48,6.24,81.09,0.00,0.05,0.86,3.93,41.37,9.61,27.24,34.30,22.27,16.60,18176.06,1582.82,96257.64,0.00,29.72,0.00,31.60,-10211.25,3493545.02,0.00,2641.76,51416.63,330159.12,1461683.64,-138557.10,-657617.73
2024-12-21,-1.11,-23.36,4.77,73.52,0.00,0.00,0.73,1.79,29.24,4.37,26.55,20.00,16.82,14.40,18747.13,1233.79,87286.41,0.00,1.93,0.00,-1.52,-158587.70,39225.87,0.00,-46.41,45935.59,117815.74,397643.52,-255420.81,-2412325.21
2024-12-22,-1.02,-24.04,6.09,74.15,0.00,0.00,0.84,1.44,23.23,4.27,26.18,20.80,14.79,11.00,20546.09,1055.57,88093.96,0.00,1.93,0.00,-1.58,-146032.61,-36829.27,0.00,-49.72,18818.73,65277.36,375122.35,-202116.12,-2899214.31
2024-12-23,-1.00,-25.19,4.78,68.90,0.00,0.00,0.37,0.98,39.27,4.58,22.28,18.30,15.41,13.00,18135.84,1398.35,81688.64,0.00,1.93,0.00,-19.88,-60224.70,-1140131.65,0.00,-59.93,2022.39,16024.57,-440935.75,-247558.49,-1417881.27
2024-12-24,-0.85,-17.10,9.73,73.65,0.00,0.00,1.30,3.24,13.28,9.19,23.35,22.80,18.81,16.70,14544.05,2916.77,86712.49,0.00,1.93,0.00,37.08,-25834.09,3132675.76,0.00,70.96,95239.44,248946.37,544133.56,-103583.86,-406423.45
2024-12-25,-0.99,-15.84,4.75,72.81,0.00,0.40,0.80,3.12,18.25,8.76,29.57,33.30,27.39,21.40,12937.37,1162.18,85688.37,0.00,223.98,0.00,45.96,-30380.29,3249446.15,0.00,44767.28,86890.02,290100.52,1013687.05,-106534.15,-590706.85
2024-12-26,-1.13,-26.60,10.66,65.10,1.81,0.00,0.84,1.59,65.94,5.72,17.75,36.40,25.75,16.80,14673.28,2259.63,76727.38,984.27,1.93,0.00,-2.22,-32766.02,-112650.81,67463.71,-18.51,35307.87,56687.79,-442421.80,-119437.74,-320243.95
2024-12-27,-1.13,-23.95,6.50,61.25,0.01,0.00,0.85,1.65,40.22,5.44,22.73,20.80,17.25,12.20,15301.36,975.67,72039.35,5.25,1.93,0.00,2.91,-51852.42,498214.58,-62.29,-12.72,47825.42,131565.18,-61957.40,-211072.89,-1024793.00
2024-12-28,-1.01,-23.31,4.30,70.33,0.01,0.00,0.77,1.98,29.73,6.02,19.47,23.20,17.56,12.10,17806.20,586.09,82843.02,3.62,1.93,0.00,23.13,-41714.38,2160694.44,111.10,35.24,49133.30,149901.62,403047.52,-229158.83,-816684.52
2024-12-29,-0.99,-21.92,3.46,72.12,0.01,0.00,0.77,2.27,17.83,8.09,28.13,24.90,19.45,14.20,18007.96,1398.23,84899.91,3.08,1.93,0.00,39.25,-37644.11,2841946.81,152.70,54.44,61259.45,189496.85,658187.86,-209231.76,-1041136.92
2024-12-30,-0.98,-18.95,7.18,76.47,0.01,0.00,0.80,5.14,17.99,7.91,26.46,26.60,20.76,16.40,15889.16,3531.13,89939.61,3.62,1.93,0.00,55.49,-23075.61,4556487.66,239.92,111.26,74708.72,540017.92,1077685.57,-50294.55,-431614.39
2024-12-31,-0.98,-18.36,7.67,74.54,0.01,0.00,0.76,5.82,14.20,8.02,29.50,24.90,19.12,15.00,15659.82,2889.48,87683.79,3.98,1.93,0.00,46.88,-43621.12,3945257.67,361.53,84.50,65484.63,595127.70,896166.62,-199103.03,-1128679.13
2025-01-01,-0.99,-19.51,5.08,69.70,0.01,0.00,0.73,3.24,21.02,3.37,27.25,17.60,16.39,15.00,16237.33,1792.14,82105.56,3.08,1.93,0.00,0.00,-154522.43,608038.70,-107.91,-50.32,40488.04,278994.02,376255.11,-134937.99,-4273656.09
2025-01-02,-0.92,-23.74,3.54,71.47,0.01,0.00,0.72,1.88,27.31,3.98,30.62,21.10,17.73,14.40,19196.83,1391.42,84172.08,3.62,1.93,0.00,10.08,-113667.24,688671.67,-112.85,-25.03,35934.28,107152.86,650860.96,-196647.46,-2426289.15
2025-01-03,-0.89,-22.75,8.59,75.14,1.46,0.58,1.00,7.18,17.49,8.69,30.53,20.00,16.33,11.40,18284.84,3246.72,88436.20,793.66,320.00,0.00,8.94,-24865.15,4736844.33,187504.98,95623.80,129719.18,1024435.00,1049000.75,36374.77,-384952.56
2025-01-04,-1.02,-18.16,9.11,79.77,3.50,1.42,0.78,9.39,26.83,6.85,25.49,32.00,21.64,16.20,13730.91,3036.88,93953.69,1903.05,860.74,0.00,67.55,-4422.10,6587576.13,449012.96,194994.77,102091.78,1201117.72,1679349.94,141934.74,356943.88
2025-01-05,-1.00,-16.10,8.28,86.17,3.65,1.92,0.71,10.56,32.18,5.49,18.15,36.50,28.01,19.20,12333.51,2500.04,101488.20,1981.45,1171.85,0.00,83.02,8357.18,7072523.17,438713.35,233903.05,86054.51,1231905.31,2460149.31,232990.44,748546.27
2025-01-06,-0.59,-25.02,8.24,83.44,0.00,0.00,0.39,3.06,45.49,1.83,8.35,37.50,26.93,16.20,17438.33,1136.72,98342.37,0.00,1.93,0.00,86.87,8280.59,4460393.39,0.00,119.01,19396.49,235841.43,1763602.19,43772.05,120441.45
2025-01-07,-1.07,-27.29,5.43,65.77,0.00,0.00,0.58,1.98,44.44,5.28,29.04,20.00,16.40,14.60,17765.96,1214.30,77510.52,0.00,1.93,0.00,52.06,-63320.07,-614368.42,0.00,-43.37,9977.87,42364.97,-8081.89,-240532.11,-1658438.55
2025-01-08,-0.87,-21.37,8.54,74.21,0.00,0.03,1.05,5.56,27.83,9.49,29.73,25.10,19.02,12.90,15979.82,3629.24,87268.48,0.00,29.89,0.00,-11.51,-27159.18,3803190.27,0.00,-724.40,100148.59,610015.25,1477462.78,16524.09,-249978.17
2025-01-09,-1.00,-14.82,12.00,75.31,1.83,1.92,0.60,9.26,28.29,6.11,21.60,29.90,24.25,18.80,10686.39,3379.39,88737.88,995.67,1163.53,0.00,50.22,28868.84,7646711.06,295999.32,309601.67,102325.98,1376553.57,2567736.37,354552.70,1537494.27
2025-01-10,-0.95,-7.20,10.99,75.47,0.01,1.50,0.87,11.61,20.37,8.94,25.59,31.50,24.39,18.30,5503.99,3853.30,89051.25,4.34,906.54,0.00,107.58,26644.94,7854828.15,767.33,193561.98,122762.47,1552179.97,2277621.21,536537.54,1320421.95
2025-01-11,-0.95,-8.54,11.64,79.64,0.01,1.64,0.72,9.55,18.72,10.25,25.65,28.20,23.29,19.00,6808.85,3340.20,94517.92,6.43,1025.42,0.00,106.04,14943.27,7795025.70,1151.84,205519.72,88295.93,1206360.66,1862619.51,583164.26,1529570.01
2025-01-12,-1.06,-12.82,12.24,79.05,0.01,2.49,0.85,8.13,16.21,7.85,11.75,34.10,26.77,20.50,10697.46,3495.79,94414.59,5.97,1511.22,0.00,99.97,23001.47,7358818.39,1027.54,330986.90,118837.59,1103624.49,1597627.75,448783.50,643402.47
2025-01-13,-1.10,-13.20,11.61,79.21,0.01,3.82,0.80,9.44,14.95,10.54,27.15,26.20,20.58,18.90,10804.45,3835.75,94012.89,4.98,2243.00,0.00,95.69,19996.95,8123318.58,927.58,521829.82,113914.07,1301002.47,1855183.42,556698.39,993997.72
2025-01-14,-1.05,-14.80,6.66,74.83,0.01,2.97,0.93,9.31,28.25,10.72,27.73,24.90,21.10,18.20,10580.64,3151.75,88219.01,3.62,1814.57,0.00,103.32,19975.61,8076334.44,766.97,473347.56,145160.70,1398769.58,3476610.06,662040.94,1036992.66
2025-01-15,-1.24,-18.92,4.83,71.74,0.01,0.00,0.46,2.82,55.53,5.46,11.94,26.70,22.06,18.80,11996.33,1242.96,84939.18,4.43,1.93,0.00,111.66,-5200.51,3092401.89,336.49,86.78,30680.53,271313.82,1347326.82,-30683.51,-83123.69
2025-01-16,-1.08,-20.30,2.59,75.81,0.01,0.00,1.44,4.84,32.00,6.19,24.22,23.50,17.91,13.70,15193.75,881.61,90034.18,3.17,1.93,0.00,34.24,-9919.02,4872131.55,187.90,118.48,166510.62,611906.42,1503664.09,-73302.71,-633828.73
2025-01-17,-0.97,-18.15,5.78,74.50,0.00,0.00,0.60,1.70,30.49,5.68,29.26,21.00,18.72,16.70,13996.80,2324.31,88449.37,0.09,1.93,0.00,59.44,-49826.40,1185580.56,1.49,4.02,14129.58,87112.47,157327.60,-213521.68,-1566473.94
2025-01-18,-0.77,-12.45,1.36,69.25,0.00,0.00,0.61,1.55,34.32,9.65,30.33,21.80,19.06,16.20,8470.79,812.02,82046.37,0.00,1.93,0.00,9.24,-22562.17,1035291.21,0.00,7.39,40362.75,120870.25,408940.03,-170872.88,-625290.84
2025-01-19,-1.03,-19.89,9.03,85.35,0.00,2.95,0.76,7.15,18.96,10.42,27.63,29.70,22.65,16.20,16531.29,4391.29,101165.42,0.00,1908.05,0.00,14.80,-5934.73,6418427.58,0.00,408313.30,106007.66,1049098.21,1394153.07,271437.63,717985.18
2025-01-20,-0.75,-13.74,11.71,98.89,0.00,3.39,0.98,14.19,15.86,8.05,21.66,33.90,26.02,18.30,12372.41,5529.17,117294.22,0.00,2145.38,0.00,80.16,66014.81,13877520.16,0.00,632957.63,199189.00,2420715.81,2538980.20,942546.65,2697302.61
2025-01-21,-0.88,-15.51,7.69,98.37,0.00,1.69,0.73,10.02,27.26,9.61,28.42,33.90,26.75,19.40,12434.38,3747.82,116642.22,0.00,1039.13,0.00,147.07,67220.95,12321671.62,0.00,231751.09,110935.36,1434214.95,3504239.89,966829.22,2890770.66
2025-01-22,-1.24,-22.30,2.75,73.73,0.00,0.04,0.26,0.51,49.84,6.28,22.96,28.10,21.55,17.70,15115.98,764.30,87527.25,0.00,38.82,0.00,125.43,-89530.36,-367936.73,0.00,-289.49,-1572.87,11530.45,-374614.14,-269217.20,-917886.84
2025-01-23,-0.57,-27.11,6.67,89.99,0.00,0.02,1.14,4.56,32.30,6.15,14.24,21.50,17.66,13.30,21751.35,1392.38,106766.09,0.00,20.72,0.00,-9.12,-438.39,5421542.21,0.00,845.96,108847.51,437440.91,1889780.31,141682.58,167989.57
2025-01-24,-1.11,-20.80,4.35,80.67,0.00,0.00,0.81,4.19,24.90,7.96,26.23,20.20,17.61,14.70,16820.17,2118.92,95803.35,0.00,1.93,0.00,57.58,-52189.06,4327554.83,0.00,82.88,91972.94,483823.87,1209989.81,-216952.04,-1168090.95
2025-01-25,-1.03,-21.14,5.10,83.25,0.00,0.00,0.88,2.64,16.45,8.00,26.55,22.80,19.48,16.70,19065.27,2751.74,98795.68,0.00,1.93,0.00,47.94,-52972.35,3594842.82,0.00,65.29,67044.62,250403.61,723491.51,-208973.03,-1205591.80
2025-01-26,-1.04,-23.95,4.99,81.81,0.00,0.00,0.91,2.19,20.12,9.09,26.22,23.80,19.89,16.90,20150.20,2804.92,96989.52,0.00,1.93,0.00,41.04,-28226.75,3737480.04,0.00,71.29,82803.49,218808.71,836517.15,-150482.45,-647089.36
2025-01-27,-1.16,-26.97,3.34,82.48,0.00,1.69,0.92,6.28,54.61,7.66,21.83,30.00,20.93,17.00,17369.49,739.41,97788.61,0.00,1098.88,0.00,45.68,-5650.22,4349913.19,0.00,208833.66,125437.88,810295.39,2070211.22,262904.55,346706.61
2025-01-28,-1.02,-27.24,1.98,81.86,0.00,0.00,0.65,2.59,41.43,8.19,25.63,39.30,25.13,18.30,19785.80,939.03,97062.24,0.00,1.93,0.00,59.09,-40821.62,1864777.17,0.00,27.14,33891.93,155716.51,575531.60,-188495.66,-879056.04
2025-01-29,-1.06,-24.00,4.29,80.34,0.00,0.00,0.94,1.61,31.75,8.89,27.86,22.40,18.45,15.60,18671.26,2065.45,95397.98,0.00,1.93,0.00,18.36,-48405.68,1596283.26,0.00,18.03,57132.91,115215.17,569324.59,-271818.85,-1045336.65
2025-01-30,-1.11,-22.82,1.48,83.73,0.00,0.00,0.92,5.50,29.80,9.19,24.78,20.20,17.50,15.50,17560.46,678.69,99093.34,0.00,1.93,0.00,15.80,-24001.36,4120508.29,0.00,83.21,88048.70,481653.04,1341383.15,-122956.73,-768775.04
2025-01-31,-0.66,-24.67,3.86,85.32,0.00,0.00,0.61,4.77,30.42,7.44,28.89,21.40,17.75,13.20,19514.56,155.10,101007.50,0.00,1.93,0.00,44.78,-8898.38,3854211.87,0.00,80.87,47096.05,355300.56,1384107.50,-56478.55,-584452.05
2025-02-01,-1.14,-21.03,2.70,86.36,2.41,1.85,0.93,8.82,24.42,10.58,27.52,22.50,18.94,15.00,16419.41,1285.90,102267.43,1308.61,1055.28,0.00,42.17,-22355.82,7720784.86,550875.17,387316.34,223982.27,1821698.14,1668910.64,336721.34,443181.75
2025-02-02,-1.19,-19.86,4.28,90.76,3.13,4.06,0.85,9.92,43.39,8.30,22.90,31.20,24.37,19.70,14245.45,1370.00,107716.42,1698.22,2494.51,0.00,104.69,8530.06,8015573.42,601638.90,842270.71,203626.77,1788123.72,2672845.89,444170.55,1265630.20
2025-02-03,-1.09,-19.27,9.32,101.76,5.63,9.98,0.93,14.09,34.78,6.97,19.38,38.50,26.91,21.00,14280.82,3527.14,120608.71,3058.40,6127.57,0.00,100.88,92818.61,28882402.59,2716560.13,5227139.37,1538638.68,8350770.99,5874102.25,1554494.82,3536803.59
2025-02-04,-1.21,-22.07,5.73,102.12,0.00,2.45,1.02,8.07,50.23,7.82,20.58,37.70,29.89,24.30,15850.79,2790.27,121022.98,0.00,1360.98,0.00,345.42,91276.33,10558891.13,0.00,253378.79,138621.80,970183.70,4775654.23,768293.43,2132373.44
2025-02-05,-1.14,-22.45,1.95,80.40,0.00,0.44,0.75,2.67,41.61,8.62,26.30,37.30,22.51,17.60,16309.16,927.85,95041.15,0.00,305.98,0.00,101.75,-34599.53,3864452.02,0.00,56322.17,96413.78,280660.75,1848346.84,-145479.66,-784452.34
2025-02-06,-1.11,-10.79,10.04,91.74,3.32,7.12,1.07,12.83,16.72,10.31,27.02,24.20,20.34,17.00,8999.88,3608.64,107715.05,1800.45,4068.55,0.00,46.85,52074.99,12612543.84,770327.46,1389323.21,249300.18,2692635.37,2156799.12,773690.22,2212855.13
2025-02-07,-1.02,-19.51,4.70,87.59,0.00,4.24,0.88,7.56,35.35,8.56,13.83,31.00,23.60,19.60,14357.97,1271.32,102964.34,0.00,2339.54,0.00,150.71,16775.67,8461887.97,0.00,680905.49,87067.21,1186354.26,2156843.27,370864.49,542548.22
2025-02-08,-0.67,-22.50,3.74,65.57,0.00,0.00,0.47,0.99,49.08,9.05,14.28,23.60,19.90,17.50,14520.46,569.92,77211.25,0.00,0.00,0.00,88.94,-21849.99,368039.52,0.00,0.00,16369.56,24667.76,179932.03,-280014.44,-517960.75
2025-02-09,-0.99,-24.31,3.59,47.26,0.00,0.00,0.16,0.38,65.19,7.50,21.49,22.00,19.47,17.60,11330.09,536.28,55840.36,0.00,0.00,0.00,1.52,-39744.62,-1039379.84,0.00,0.00,-2632.07,55.05,-1282027.23,-293417.46,-848274.81
2025-02-10,-0.51,-25.02,3.92,58.50,0.00,0.00,0.91,2.20,65.09,9.88,21.88,27.70,21.86,18.80,12729.17,1833.33,69016.11,0.00,0.00,0.00,-20.92,-16344.65,1561106.31,0.00,0.00,73605.75,171291.96,1459895.82,-194859.02,-637001.52
2025-02-11,-1.07,-21.55,4.59,87.17,0.00,3.10,0.81,9.33,35.19,11.17,26.71,26.50,22.16,19.10,15701.88,2568.16,103196.85,0.00,1820.64,0.00,20.78,56850.39,8712640.27,0.00,548644.32,178763.98,1401953.94,3594330.58,870473.89,2139826.94
2025-02-12,-0.92,-11.48,10.87,91.17,2.90,5.87,0.82,14.85,22.95,10.56,26.76,30.80,24.02,18.50,8743.57,4126.70,108278.21,1574.16,3404.89,0.00,109.04,114766.37,13793617.02,726616.12,1248856.57,250486.84,3021114.73,3600035.11,1565136.69,4123864.36
2025-02-13,-1.24,-21.23,4.09,83.39,1.01,3.37,0.87,8.99,65.84,6.57,16.72,33.20,28.57,23.70,12608.32,896.12,99030.79,546.92,1930.06,0.00,165.99,27015.99,5831546.39,129370.08,380621.02,113390.43,1133403.60,3545199.89,330737.52,1194540.05
2025-02-14,-0.65,-20.15,3.99,76.24,0.00,0.00,0.58,4.93,37.86,9.01,20.85,34.10,24.27,17.00,14497.16,1895.53,90421.64,0.00,0.00,0.00,72.36,126.84,4894779.12,0.00,0.00,53435.88,555633.69,1651538.34,104327.58,132351.37
2025-02-15,-1.00,-24.29,2.65,69.78,0.00,0.00,0.59,1.33,42.50,5.18,18.47,23.00,17.22,13.50,16975.87,498.43,82930.43,0.00,0.00,0.00,55.18,-55875.48,-135315.32,0.00,0.00,14680.81,63750.39,-54112.21,-232490.72,-1059078.50
2025-02-16,-1.00,-22.28,3.60,68.01,0.00,0.00,0.91,2.41,30.79,10.13,21.51,17.60,13.22,9.90,15677.31,1044.55,80839.68,0.00,0.00,0.00,-4.36,-27060.60,2992529.88,0.00,0.00,90270.95,255819.48,966470.25,-258419.11,-653354.51
2025-02-17,-1.16,-13.56,7.73,73.52,0.00,0.87,1.01,7.91,10.50,10.68,27.89,18.10,15.63,12.70,11318.18,3999.05,87014.15,0.00,479.47,0.00,39.62,11520.75,6036880.03,0.00,118523.24,150190.92,1018123.51,1089626.91,59166.53,-139223.88
2025-02-18,-0.95,-19.61,3.91,73.76,0.00,0.46,0.74,7.77,28.93,9.65,21.54,20.20,16.65,12.00,13833.47,2032.57,87672.10,0.00,283.43,0.00,82.80,-17014.53,5099089.75,0.00,38023.92,78316.47,883250.60,899521.01,-189524.97,-497551.21
2025-02-19,-1.12,-23.24,5.43,74.21,0.00,0.00,1.02,5.30,38.90,9.72,18.78,20.80,17.01,15.40,16219.17,2111.53,88303.23,0.00,0.00,0.00,59.75,-27464.36,2666093.11,0.00,0.00,76590.68,349676.97,1158104.63,-181303.10,-518518.12
2025-02-20,-1.07,-21.09,5.20,73.93,0.00,0.05,0.46,3.65,37.88,7.87,23.34,19.00,16.90,15.30,15103.52,1896.66,88007.36,0.00,51.23,0.00,29.78,-38898.96,2223951.01,0.00,4159.05,27962.03,229079.77,1070599.67,-218217.63,-947277.28
2025-02-21,-0.81,-19.65,6.21,79.00,0.00,2.26,1.05,7.99,26.83,10.87,26.14,19.90,15.84,11.10,14464.14,2729.29,93982.62,0.00,1387.76,0.00,25.25,-8679.70,4955452.48,0.00,343039.92,141357.69,1021354.38,1174196.84,88478.57,-88234.65
2025-02-22,-1.02,-19.68,7.39,76.53,0.00,3.38,0.78,9.20,53.58,7.24,23.10,32.30,24.51,19.50,12444.10,2017.75,91067.41,0.00,2193.51,0.00,66.24,-14277.99,5976589.80,0.00,545869.46,127489.32,1382117.87,3108654.70,152832.26,480498.56
2025-02-23,-1.14,-15.58,8.67,77.81,0.00,0.16,0.63,4.07,41.59,7.83,19.79,35.70,31.13,26.40,10852.74,3708.66,92828.97,0.00,120.84,0.00,82.15,-11270.44,5267409.15,0.00,14794.96,53346.76,534876.44,1513813.17,-205279.30,-558107.73
2025-02-24,-1.10,-20.24,5.51,78.33,0.00,0.00,1.05,6.54,28.05,10.91,22.36,28.90,20.78,15.90,15574.28,2160.58,93449.97,0.00,0.00,0.00,56.40,16285.05,5096486.59,0.00,0.00,140685.64,698830.37,2031981.83,220960.82,194300.18
2025-02-25,-1.01,-20.74,3.07,82.41,0.00,1.01,0.77,9.61,27.88,8.72,26.61,22.10,18.44,15.80,15974.46,1674.73,98250.93,0.00,558.70,0.00,65.59,35967.85,6803115.43,0.00,142043.02,110008.11,1241088.36,2433925.73,404079.03,984933.24
2025-02-26,-0.93,-17.29,9.17,78.48,0.00,1.03,0.75,13.04,33.14,10.50,23.69,27.40,19.96,15.60,12182.58,4467.40,93832.35,0.00,640.96,0.00,89.59,2953.37,7918753.84,0.00,139962.51,113589.15,1754440.08,2900480.77,344434.77,403911.15
2025-02-27,-0.95,-16.96,4.81,91.13,0.00,3.05,0.88,15.40,12.53,9.15,23.33,34.60,23.11,18.00,14388.99,2223.77,108250.18,0.00,1775.14,0.00,97.25,41671.30,11148458.73,0.00,516708.83,181522.61,2486925.26,1847088.50,727057.55,1456837.15
2025-02-28,-1.08,-18.71,6.74,85.02,0.00,2.40,0.83,9.43,24.17,8.61,24.12,23.60,20.66,17.40,14863.86,2389.25,100951.13,0.00,1387.56,0.00,131.53,18177.37,7996201.22,0.00,326270.17,116136.89,1153318.41,2109730.97,272256.52,554245.63
2025-03-01,-1.06,-20.87,6.60,81.28,0.00,1.19,0.85,6.05,16.59,8.92,24.44,25.70,19.84,15.00,17336.08,2644.18,96481.66,0.00,657.61,0.00,91.63,-1827.88,6493583.37,0.00,125871.76,90087.46,650902.24,1178152.47,105001.58,146410.15
2025-03-02,-1.08,-29.63,0.92,83.85,0.00,0.00,0.45,3.59,34.25,8.11,15.35,24.70,19.63,16.00,22933.09,78.27,99430.93,0.00,0.00,0.00,77.73,-12698.22,2773287.99,0.00,0.00,23291.43,223169.92,629909.58,-135004.54,-378130.81
2025-03-03,-1.11,-28.52,3.87,83.41,0.00,0.00,1.13,2.41,35.88,7.91,25.08,21.00,16.55,11.70,22065.12,1463.68,99727.58,0.00,0.00,0.00,26.74,-51098.87,2037571.52,0.00,0.00,100819.55,140805.51,1158053.24,-215186.05,-1220194.36
2025-03-04,-1.10,-21.76,6.62,94.83,0.00,1.37,1.08,7.65,19.44,10.18,24.94,20.20,16.49,12.00,18173.49,2219.54,112952.20,0.00,828.26,0.00,24.30,-15537.56,6639909.80,0.00,235331.48,174724.91,1133725.60,964587.24,192513.16,219941.24
2025-03-05,-1.08,-17.97,5.61,93.73,0.00,0.36,0.89,3.41,35.40,10.46,24.39,32.90,24.77,18.50,14700.30,1995.38,111490.98,0.00,263.31,0.00,76.08,1306.34,6337054.09,0.00,46244.99,126278.36,288544.16,2143564.65,50068.59,-157663.13
2025-03-06,-1.05,-19.97,8.74,76.00,0.00,0.00,0.52,2.03,49.27,8.74,15.93,34.60,21.93,18.10,13286.55,1832.79,90220.62,0.00,0.05,0.00,62.43,-27110.23,158955.34,0.00,-2.27,5874.87,14729.97,141459.40,-166662.61,-417278.39
2025-03-07,-0.96,-19.75,9.41,82.59,0.00,0.61,1.00,5.13,33.46,9.62,24.30,23.30,20.23,16.20,14565.38,3748.42,97888.29,0.00,350.62,0.00,0.31,727.00,4231084.62,0.00,83408.10,130597.43,512010.85,1519896.92,141049.93,380908.51
2025-03-08,-0.88,-20.54,7.97,87.55,0.00,0.62,0.52,4.46,25.75,10.11,24.36,27.90,21.70,15.60,16421.74,3486.25,103644.22,0.00,343.77,0.00,50.62,-8685.09,4677781.57,0.00,75517.06,61649.36,450820.68,1367651.01,101495.43,95307.96
2025-03-09,-0.89,-26.98,3.57,90.98,2.02,1.21,0.68,8.70,38.01,6.67,20.23,33.10,24.81,18.40,20007.03,1300.23,107680.88,1094.20,754.33,0.00,53.35,20734.51,8007979.04,394086.27,178668.24,154185.03,1362152.88,2434156.91,324354.95,1258646.11
2025-03-10,-0.83,-24.60,4.02,103.47,2.10,2.80,0.68,8.53,32.24,8.29,21.43,34.10,28.25,22.40,19648.27,2328.98,122477.98,1140.38,1658.05,0.00,96.89,73307.32,9199180.93,257812.86,343993.84,81867.64,966072.68,2547083.23,851983.07,2243352.59
2025-03-11,-1.10,-20.00,7.77,111.12,1.57,3.19,0.82,8.62,26.03,9.20,20.38,32.00,25.59,20.00,16999.25,3958.58,132379.50,852.36,1787.75,0.00,93.93,42228.04,11157804.35,223455.30,438007.09,125404.69,1135126.61,2411680.58,804487.55,1835758.06
2025-03-12,-0.98,-23.48,3.04,111.65,0.00,2.81,0.75,9.19,33.99,8.94,17.59,32.10,25.48,20.70,19154.57,1509.87,133101.86,0.00,1575.61,0.00,104.75,45202.02,10108616.81,0.00,392349.46,119452.97,1147322.31,2911509.79,624316.57,1143034.67
2025-03-13,-0.99,-19.72,5.69,108.32,0.00,1.68,0.87,10.49,10.85,9.47,18.73,34.40,23.15,18.20,18204.70,1809.10,129266.95,0.00,948.20,0.00,93.55,33613.06,11826050.04,0.00,259524.61,158487.54,1528343.92,1376894.32,586169.14,854414.14
2025-03-14,-1.02,-16.43,8.12,105.71,0.00,1.46,0.77,8.04,5.71,9.59,22.31,23.20,18.66,14.50,15754.18,3047.87,125972.32,0.00,806.50,0.00,111.57,44081.23,11957983.29,0.00,212432.10,130856.39,1170610.77,663690.59,631896.65,1415945.64
2025-03-15,-1.00,-17.23,4.03,102.47,0.00,4.19,0.85,6.80,25.51,7.81,14.47,26.80,21.55,18.20,14499.36,971.41,122134.68,0.00,2453.82,0.00,114.24,24808.64,9433667.40,0.00,499358.96,109896.32,819709.83,2058602.76,327114.85,613937.12
2025-03-16,-0.85,-25.46,3.75,74.15,0.00,0.00,0.11,2.34,62.84,1.67,4.25,34.20,26.24,20.10,16379.87,928.02,88779.83,0.00,0.00,0.00,89.77,-16285.39,1846627.20,0.00,0.00,7134.96,228165.59,5596.59,-4258.84,-42428.93
2025-03-17,-0.81,-19.89,8.29,82.37,0.00,1.02,0.76,5.15,24.95,7.82,18.71,21.00,14.26,11.30,15999.27,2322.91,98613.88,0.00,623.88,0.00,14.19,-7292.26,4312053.10,0.00,107768.55,68365.45,487658.53,939790.24,126550.66,-8944.81
2025-03-18,-0.84,-16.49,4.14,92.35,0.00,0.00,0.86,11.00,8.34,6.62,23.86,18.50,15.70,11.60,15415.92,1062.15,110346.21,0.00,0.00,0.00,50.67,31360.44,8725827.45,0.00,0.00,116187.10,1340910.49,881172.24,367854.15,1189856.99
2025-03-19,-1.05,-20.68,6.24,93.27,0.00,2.51,1.14,11.39,18.61,6.22,21.28,24.60,17.81,12.60,17514.07,1183.80,111459.32,0.00,1495.46,0.00,98.27,20175.01,10812634.66,0.00,439242.59,203046.79,1776036.21,1806094.39,378452.49,993849.40
2025-03-20,-1.30,-28.31,1.57,90.91,0.00,2.33,0.74,6.77,56.38,2.38,6.18,32.10,25.35,20.40,18583.85,479.56,108488.62,0.00,1318.04,0.00,120.30,28427.76,7003936.55,0.00,299318.76,89883.89,861571.12,2906192.74,136698.28,310120.07
2025-03-21,-0.90,-16.09,7.06,92.70,0.00,4.30,0.83,12.39,8.33,6.85,12.03,26.90,19.95,15.60,14478.25,2226.26,110279.53,0.00,2374.39,0.00,76.67,32727.69,10492237.31,0.00,602034.35,118916.61,1738323.86,984388.21,457981.54,744359.03
2025-03-22,-1.00,-18.74,2.23,80.90,0.00,2.23,0.90,9.40,9.45,7.98,22.38,19.20,15.18,10.90,16462.13,734.05,96271.74,0.00,1230.51,0.00,114.53,-15632.73,7307631.09,0.00,310818.44,116075.23,1215135.49,867879.16,18499.55,-466474.73
2025-03-23,-0.99,-21.18,1.54,80.53,0.00,0.00,0.65,8.04,15.52,9.01,21.51,19.90,16.03,11.60,17951.00,935.94,95805.08,0.00,0.00,0.00,91.19,-18657.10,5400342.81,0.00,0.00,68977.69,797981.21,1249382.22,-23312.89,-125678.37
2025-03-24,-1.01,-19.22,1.72,84.20,0.00,0.29,0.82,7.64,27.30,10.04,16.41,21.10,18.48,15.20,14847.73,301.86,100206.47,0.00,158.78,0.00,67.56,-1778.38,5738520.53,0.00,38171.54,93849.76,765704.05,1592988.24,206577.91,142295.44
2025-03-25,-0.85,-20.70,1.95,84.60,0.00,0.00,0.73,8.58,27.10,9.42,20.50,20.90,16.61,12.90,16095.59,86.98,100526.47,0.00,0.00,0.00,66.15,19163.18,5836377.98,0.00,0.00,82616.59,864031.01,2019588.53,295167.61,537087.11
2025-03-26,-1.10,-19.97,4.08,86.08,0.00,0.00,0.47,7.66,30.35,6.44,16.25,22.20,18.92,15.90,15326.21,439.03,102535.29,0.00,0.00,0.00,70.69,21487.45,5357752.76,0.00,0.00,46450.05,715139.16,1608549.72,201149.27,286105.59
2025-03-27,-0.78,-21.38,6.44,75.76,0.00,0.00,0.70,8.37,33.23,6.25,21.01,20.70,17.63,14.70,15134.19,300.97,89720.24,0.00,0.09,0.00,62.26,-5289.75,4417789.59,0.00,15.63,81705.98,867715.04,1548911.48,72642.81,58026.72
2025-03-28,-0.80,-9.57,9.79,82.35,2.24,0.52,0.89,13.78,17.26,3.32,15.95,23.70,17.68,14.50,7667.49,1070.34,96981.55,1218.42,381.73,0.00,62.20,26410.04,9156943.60,298321.42,71962.65,135067.37,1822439.90,1632640.37,182464.17,923869.82
2025-03-29,-0.66,-19.08,6.09,75.44,0.00,0.00,0.23,7.52,36.68,3.11,8.57,29.80,23.41,19.30,12709.47,648.43,89064.22,0.00,0.00,0.00,114.19,11446.69,4928405.81,0.00,0.00,18925.06,717252.84,989251.34,57810.18,79987.57
2025-03-30,-0.44,-32.16,5.18,56.88,0.00,0.00,0.27,3.32,59.71,5.71,14.44,20.70,18.45,16.40,17290.21,200.01,67289.61,0.00,0.00,0.00,61.61,-11031.33,-284116.21,0.00,0.00,1027.17,7622.94,-400349.16,-136428.91,-388441.29
2025-03-31,-0.81,-29.40,2.42,60.04,0.00,0.00,0.35,3.17,66.84,6.39,17.56,21.20,17.40,14.90,15431.92,137.03,70954.90,0.00,0.00,0.00,-6.17,-24588.32,63038.92,0.00,0.00,9628.58,58733.65,-11474.39,-189353.22,-540614.70
2025-04-01,-1.01,-28.10,2.53,68.39,0.00,0.00,1.12,6.49,51.25,6.38,19.97,21.90,17.04,13.80,16695.04,822.75,80706.20,0.00,0.00,0.00,-0.71,-17027.55,4025117.58,0.00,0.00,125471.84,629702.76,2263296.45,37031.17,-168273.15
2025-04-02,-1.15,-21.09,6.83,89.63,0.00,0.65,1.14,10.10,14.42,7.06,19.94,23.20,16.72,10.70,18248.76,1487.11,105633.01,0.00,501.70,0.00,56.40,27251.79,10207667.72,0.00,141061.36,222007.08,1520740.81,1696911.76,352654.21,575828.47
2025-04-03,-1.22,-24.95,1.61,92.05,0.00,0.00,0.74,7.26,31.76,5.32,16.04,23.90,17.41,12.40,19905.54,565.42,109101.25,0.00,0.00,0.00,118.82,-2040.48,7136934.25,0.00,0.00,101915.60,794037.81,1423653.70,399.03,-175968.43
2025-04-04,-1.43,-23.75,2.76,96.30,0.00,0.10,1.24,9.02,24.54,6.58,12.90,20.90,15.91,12.40,19609.17,1129.17,114366.38,0.00,83.33,0.00,71.54,40602.44,8382544.95,0.00,18148.61,195679.53,989477.36,1842813.95,301539.44,403916.86
2025-04-05,-1.42,-20.43,5.12,70.51,0.00,0.58,1.58,7.11,27.54,5.98,19.19,17.60,14.94,11.70,14844.82,1240.01,84662.19,0.00,427.26,0.00,87.73,-29505.15,4408246.96,0.00,87711.67,200156.58,790108.28,1030762.77,27021.22,-410447.10
2025-04-06,-1.03,-22.85,2.99,69.57,0.00,0.50,0.50,5.61,44.06,3.43,13.62,18.00,12.63,7.60,15836.06,907.97,84038.77,0.00,365.69,0.00,66.07,-28177.78,4274254.59,0.00,60357.31,57710.31,524537.09,1849724.23,-97315.47,-463402.32
2025-04-07,-0.97,-19.11,8.69,84.60,0.00,0.67,1.18,9.60,25.56,5.84,12.81,22.00,16.05,13.30,14826.02,2404.01,101502.42,0.00,494.92,0.00,54.30,6469.66,9391983.74,0.00,146243.75,216186.90,1386552.36,1788486.56,98019.45,57952.77
2025-04-08,-1.04,-11.50,5.33,98.22,0.00,0.79,0.76,11.10,4.38,8.64,13.77,17.60,15.06,10.80,11072.50,1317.05,117379.81,0.00,579.93,0.00,107.40,62199.88,13458593.20,0.00,146963.46,126936.59,1856568.02,630551.70,595923.60,751216.86
2025-04-09,-1.00,-12.84,5.17,98.73,0.00,1.03,0.93,11.30,2.95,5.58,17.88,18.50,13.50,8.90,12652.39,1474.14,118012.05,0.00,759.25,0.00,139.69,61428.67,14473506.47,0.00,230883.04,255974.86,2057025.65,347263.95,445000.38,1194539.59
2025-04-10,-1.09,-23.02,1.73,91.38,0.00,0.69,0.68,7.11,29.85,4.84,18.14,21.00,16.74,13.90,18555.73,412.51,109242.15,0.00,506.04,0.00,157.20,14450.07,7753158.33,0.00,101289.61,114164.20,865143.01,2397628.72,81536.92,-12381.07
2025-04-11,-1.05,-17.63,3.39,97.47,0.00,0.79,1.05,10.22,14.40,5.73,15.07,27.60,22.02,16.40,16041.63,1592.11,116497.49,0.00,580.78,0.00,87.91,46164.26,9638764.01,0.00,96948.58,139701.04,1219730.89,1532027.62,357653.87,825520.57
2025-04-12,-1.14,-20.48,5.27,84.57,0.00,0.82,0.99,9.31,17.71,5.21,18.07,20.70,16.43,11.80,17492.08,504.16,100808.16,0.00,489.44,0.00,100.32,9074.62,7744663.99,0.00,184578.46,229476.06,1393258.96,1382026.93,199668.20,434478.04
2025-04-13,-1.15,-31.87,1.88,79.01,0.00,0.38,0.86,6.43,42.98,7.46,16.38,27.60,21.23,18.10,20592.08,51.65,94059.32,0.00,277.61,0.00,98.67,-27176.69,5025341.33,0.00,57328.11,132624.59,874284.70,224863.84,-16025.21,-207140.00
2025-04-14,-1.08,-25.68,1.08,104.97,0.00,0.19,0.82,5.49,26.60,6.73,13.33,31.30,23.76,18.10,22323.49,508.56,125274.46,0.00,137.48,0.00,57.76,25342.45,8628169.11,0.00,22289.60,104676.79,606222.40,1968612.72,171744.56,341538.75
2025-04-15,-1.05,-28.49,3.61,109.59,0.00,1.48,0.87,6.66,16.74,4.95,17.20,21.40,16.97,11.90,26760.50,527.61,130823.41,0.00,929.54,0.00,79.91,29936.03,9716947.58,0.00,253615.38,153748.34,917549.53,1489633.68,258765.66,912864.39
2025-04-16,-1.10,-30.50,2.61,105.27,1.79,1.23,0.71,6.88,26.39,4.56,13.51,27.70,20.66,16.40,26383.95,240.18,125165.14,971.63,799.48,0.00,95.86,54333.61,10037011.07,285202.96,231201.20,130185.42,1053171.09,2513446.94,232194.21,696888.93
2025-04-17,-1.10,-23.96,5.54,99.57,3.30,1.95,1.13,6.27,17.82,7.41,16.69,27.90,21.03,15.40,21222.03,1002.17,118120.66,1794.26,1281.46,0.00,101.10,56887.16,12716390.35,649032.97,388026.58,225630.85,1104168.16,2107496.88,494363.02,1043419.19
2025-04-18,-1.21,-29.98,3.48,88.54,0.56,1.29,1.01,6.08,27.20,6.68,15.45,30.00,22.46,17.70,24089.23,162.56,105053.82,301.96,868.31,0.00,133.29,14087.79,8109858.58,82352.84,185730.88,137895.41,820948.23,1327308.90,-56297.55,-158068.08
2025-04-19,-1.25,-31.02,8.08,83.21,0.00,0.00,0.96,5.33,35.60,5.08,10.70,30.50,21.54,17.60,23398.90,565.58,98749.12,0.00,0.00,0.00,86.27,-15559.69,3530165.90,0.00,0.00,89764.05,372156.96,784299.50,-11080.63,-9553.12
2025-04-20,-1.17,-32.39,9.42,67.72,0.00,0.00,0.67,1.76,51.93,3.80,9.88,29.20,23.45,18.60,20891.55,364.29,80145.94,0.00,0.00,0.00,38.57,-31410.60,356905.78,0.00,0.00,19904.48,31243.18,133302.29,-99421.53,-251998.95
2025-04-21,-1.09,-38.50,6.88,85.30,0.00,0.00,1.05,2.48,40.51,4.54,13.39,24.50,18.75,14.00,29622.90,158.48,101130.67,0.00,0.00,0.00,3.15,-20635.88,3269789.48,0.00,0.00,68174.69,151904.56,1058587.08,-82688.77,-254570.41
2025-04-22,-1.12,-32.15,1.50,90.89,0.00,0.05,0.81,4.17,43.31,7.55,10.51,20.70,16.64,14.00,24041.49,696.90,107759.91,0.00,43.44,0.00,34.62,-866.03,4375217.13,0.00,3161.52,63498.24,281769.19,1894578.48,123679.87,84904.80
2025-04-23,-0.72,-27.90,1.85,85.40,0.00,0.00,0.76,6.46,36.57,7.27,15.82,18.70,16.23,13.70,20250.09,131.56,101364.26,0.00,0.00,0.00,45.57,-378.67,4531247.19,0.00,0.00,84761.32,640623.68,1246717.70,92394.18,136749.79
2025-04-24,-0.95,-28.06,0.70,92.35,0.00,0.00,0.76,5.80,38.25,4.84,14.74,22.50,17.79,14.20,21570.30,423.54,109772.38,0.00,0.00,0.00,52.17,-3958.98,6217200.04,0.00,0.00,83085.76,612544.60,1624010.40,-45886.24,-224221.68
2025-04-25,-1.19,-24.23,2.70,107.59,0.00,0.00,0.73,6.82,14.86,2.87,7.41,26.40,21.92,16.40,23537.66,1335.35,128080.53,0.00,0.00,0.00,62.73,44110.39,9314022.89,0.00,0.00,90620.25,789312.63,1168058.98,107484.59,255660.55
2025-04-26,-0.98,-18.97,5.21,101.78,0.00,0.00,1.02,6.89,9.85,3.43,6.69,24.50,18.32,15.70,18731.33,1180.39,120831.62,0.00,0.00,0.00,87.84,53121.22,10061818.46,0.00,0.00,132185.69,782049.81,1053769.77,202624.39,372314.83
2025-04-27,-1.12,-26.72,0.84,105.29,0.00,0.00,0.52,7.31,16.44,6.56,7.05,19.30,17.10,15.80,24987.39,143.01,125774.66,0.00,0.00,0.00,99.71,32662.15,8948459.40,0.00,0.00,74534.80,854692.86,1400170.17,192811.20,180514.79
2025-04-28,-0.89,-22.54,3.67,112.79,0.00,0.24,1.03,10.94,9.90,4.66,9.51,17.30,14.30,11.30,22017.43,915.79,134687.77,0.00,176.79,0.00,84.64,60912.49,12063513.34,0.00,40162.92,170181.17,1412710.74,1169560.51,351317.06,641873.71
2025-04-29,-1.34,-25.66,0.69,98.32,0.00,1.34,0.81,7.05,37.69,5.92,8.79,18.70,15.43,13.50,20383.20,275.22,117313.36,0.00,837.16,0.00,110.75,45388.04,8472164.38,0.00,161039.78,93874.16,781241.97,2947491.75,169064.20,194127.69
2025-04-30,-1.22,-19.61,4.10,84.37,0.00,0.40,0.88,4.32,38.11,6.00,14.74,17.30,14.19,10.50,15094.97,1982.64,101076.62,0.00,310.89,0.00,83.94,-3057.72,5648487.51,0.00,25325.84,98222.49,449111.86,2418123.84,-60481.36,-231402.03
2025-05-01,-1.26,-11.92,6.65,87.08,0.00,2.35,1.31,9.12,16.32,7.58,15.63,18.10,12.97,7.60,10332.77,2742.15,104168.92,0.00,1435.78,0.00,63.80,25300.85,8202729.35,0.00,297896.30,206543.46,1332900.80,1595587.28,199922.72,188751.98
2025-05-02,-1.33,-9.58,7.09,89.98,0.00,1.64,1.29,12.19,10.66,7.41,16.36,18.70,12.63,7.00,8228.42,1802.95,106703.32,0.00,936.71,0.00,96.60,61822.70,9980816.97,0.00,260586.45,260027.68,1661391.00,1045475.55,355812.58,576817.77
2025-05-03,-1.13,-27.00,8.77,70.97,0.00,0.00,0.87,1.46,47.75,6.46,15.50,20.90,12.97,6.90,17748.39,256.84,84413.71,0.00,0.00,0.00,114.56,-22616.88,1273982.16,0.00,0.00,67733.85,91319.24,664582.70,-76476.31,-246371.56
2025-05-04,-0.93,-29.18,6.03,54.61,0.00,0.00,0.49,0.65,67.02,5.26,13.68,20.90,15.88,11.50,14824.82,190.40,65031.47,0.00,0.00,0.00,17.98,-23244.76,-310653.09,0.00,0.00,15984.45,12073.35,-434343.93,-111871.56,-330246.42
2025-05-05,-1.04,-26.02,3.63,60.64,0.00,0.00,0.87,0.08,71.92,5.06,13.22,22.90,18.27,15.00,13478.92,106.88,72106.70,0.00,0.00,0.00,-5.09,-33903.13,-379688.17,0.00,0.00,21690.47,552.95,-333542.64,-127211.97,-402636.97
2025-05-06,-1.00,-28.88,0.17,67.77,0.00,0.00,0.97,0.06,70.20,5.24,14.70,24.60,20.86,17.60,15994.48,100.06,80478.23,0.00,0.00,0.00,-5.73,-29622.21,-6803.66,0.00,-0.10,24393.04,660.57,-72540.54,-113501.77,-391692.46
2025-05-07,-0.99,-23.13,3.00,71.81,0.00,0.00,0.23,0.33,65.06,4.07,8.76,26.30,20.89,16.20,14203.39,1201.63,85048.23,0.00,0.00,0.00,-0.79,-18156.86,971637.32,0.00,0.00,9080.00,23641.69,397167.85,-77863.51,-177020.14
2025-05-08,-1.16,-15.40,6.80,94.98,0.00,2.00,1.47,9.71,20.46,5.61,11.96,20.20,14.02,9.80,12882.87,1759.81,112352.82,0.00,1157.13,0.00,8.51,16922.03,7971358.71,0.00,312259.19,216380.82,1237681.09,1228384.83,158585.07,181116.93
2025-05-09,-1.47,-9.52,5.43,99.54,0.00,2.35,1.27,15.71,4.57,6.42,12.27,16.10,13.16,8.60,8952.37,1453.00,117415.24,0.00,1364.53,0.00,86.22,102762.32,10393983.66,0.00,366254.76,204362.73,2091101.91,515884.40,424712.88,816462.34
2025-05-10,-1.20,-9.19,5.51,89.12,0.00,0.06,1.06,14.15,4.55,6.47,14.53,17.50,11.77,7.20,8601.11,1104.14,104742.39,0.00,31.68,0.00,110.12,21318.75,8500116.16,0.00,6285.91,149834.93,1827091.09,561870.19,156109.47,304012.61
2025-05-11,-1.31,-24.62,0.80,87.33,0.00,0.00,0.71,9.25,26.85,6.16,14.10,18.80,12.62,8.30,18977.85,157.12,102650.70,0.00,0.00,0.00,97.91,32943.91,6929630.49,0.00,0.00,101432.92,1082284.92,1665981.71,133982.13,272531.13
2025-05-12,-1.79,-13.99,3.96,96.69,1.74,3.42,1.28,11.18,8.87,6.30,13.99,23.30,16.21,9.30,12651.27,2302.58,113909.92,942.41,1924.81,0.00,82.37,150531.90,11380094.60,248603.46,503761.68,215199.75,1518805.69,1101478.77,499130.21,951657.96
2025-05-13,-1.86,-13.72,5.68,102.87,0.00,4.57,1.82,10.32,7.47,6.26,13.54,19.80,13.25,8.00,12954.76,3036.02,121885.95,0.00,2523.50,0.00,122.40,84014.72,11582455.68,0.00,637133.75,282788.58,1547267.09,738217.62,317364.90,467751.37
2025-05-14,-1.33,-16.44,3.99,103.97,0.00,3.87,1.02,11.98,11.09,4.18,13.00,22.30,14.20,9.50,15239.61,1387.10,123107.76,0.00,2135.37,0.00,117.99,81846.08,12072233.75,0.00,560788.30,185124.85,1810650.82,1296515.93,318653.74,823499.89
2025-05-15,-1.37,-16.29,8.17,106.97,0.00,5.46,1.26,14.68,4.35,5.97,9.84,18.60,13.12,9.40,15613.12,3575.25,126781.59,0.00,3067.79,0.00,122.32,157975.67,14837513.21,0.00,809695.46,250018.01,2281650.68,630360.51,697217.29,1138190.00
2025-05-16,-1.81,-18.09,6.92,106.15,0.00,5.70,1.63,16.19,10.36,4.44,9.56,17.40,11.67,6.50,16441.38,2783.57,125693.73,0.00,3152.71,0.00,142.81,206820.96,14793098.97,0.00,832086.75,280180.47,2570617.93,1367084.58,474006.68,956355.75
2025-05-17,-1.64,-29.58,1.23,109.44,0.00,2.43,1.45,9.34,32.14,3.97,5.94,17.50,14.06,11.30,24752.64,773.73,130218.25,0.00,1339.77,0.00,143.12,74201.72,9642929.15,0.00,334611.40,118809.14,1034182.49,2341874.42,187287.81,240865.92
2025-05-18,-1.30,-17.85,3.75,91.39,0.00,1.37,0.81,7.18,29.99,5.80,12.38,13.60,9.91,5.90,14479.68,1487.62,108722.71,0.00,755.83,0.00,85.42,-14720.67,4915163.62,0.00,156450.66,117527.70,731837.72,1245787.57,-73772.12,-203482.87
2025-05-19,-1.88,-9.42,8.67,106.87,0.00,3.38,1.91,13.76,12.86,4.93,13.90,13.90,7.84,2.30,8813.42,3043.64,127564.40,0.00,1926.88,0.00,54.68,81685.76,10869461.99,0.00,526348.55,305607.02,1810471.01,1364909.15,262482.81,562679.32
2025-05-20,-1.68,-11.21,11.33,99.32,3.36,5.12,1.39,14.48,15.26,5.74,13.92,14.20,8.09,2.80,9597.84,4190.00,117805.49,1825.45,2913.77,0.00,110.93,86068.16,13000588.95,869984.61,1183722.37,339120.31,3020389.90,1043574.48,277948.57,540129.11
2025-05-21,-1.54,-14.05,6.57,105.73,6.63,9.49,1.18,21.29,4.89,3.63,12.83,17.60,8.63,3.10,12755.79,3004.56,125322.12,3600.13,5367.22,0.00,145.58,233656.31,18918354.28,1343789.10,1864253.12,302473.70,4224489.46,845420.38,502782.84,1592491.16
2025-05-22,-1.46,-16.03,6.91,104.76,3.26,8.35,1.13,15.43,18.50,2.87,9.36,14.80,9.29,5.40,13735.03,4805.47,124021.83,1769.96,4712.02,0.00,188.29,153072.09,14255644.14,509778.29,1220792.59,196284.39,2326807.92,2533195.16,327963.78,955839.61
2025-05-23,-1.12,-12.38,9.56,104.36,1.80,8.58,1.07,16.45,7.34,2.04,5.25,16.70,13.62,9.10,11489.42,4365.21,123391.55,976.52,4791.08,0.00,139.10,127434.54,13792904.70,276812.31,1193274.11,166115.54,2285818.43,892326.93,254829.64,639382.08
2025-05-24,-1.03,-35.17,7.16,73.08,0.00,0.00,0.54,2.91,63.17,4.32,11.52,16.60,14.69,12.70,20787.60,194.45,86030.05,0.00,0.00,0.00,134.20,-22334.74,1034775.75,0.00,0.00,16601.16,80495.12,603382.01,-92899.81,-257718.56
2025-05-25,-1.04,-34.51,4.76,77.97,0.00,0.00,0.83,2.74,56.78,3.87,12.37,18.60,15.21,11.30,22266.75,135.66,92245.90,0.00,0.00,0.00,11.74,-27398.34,2018347.34,0.00,0.00,36314.94,92575.00,918708.45,-63467.96,-279375.07
2025-05-26,-0.90,-32.21,7.16,65.38,0.00,0.00,0.64,2.70,80.82,2.60,11.57,18.50,16.31,14.30,16218.26,802.36,77419.56,0.00,0.00,0.00,21.48,-19433.82,-31968.02,0.00,0.00,25123.22,1956.32,-123017.58,-36533.31,-189324.70
2025-05-27,-1.11,-23.95,7.21,83.09,0.00,0.00,1.17,5.15,71.74,2.07,6.95,20.10,14.44,9.60,14150.58,1529.14,98428.07,0.00,0.00,0.00,-0.27,-3571.65,3410002.53,0.00,0.00,89074.53,380822.65,2148162.62,27386.16,91549.97
2025-05-28,-1.67,-27.84,3.38,100.47,0.00,0.40,1.37,9.29,50.39,3.69,6.85,15.00,12.60,11.80,19753.74,1495.53,118955.40,0.00,298.98,0.00,39.34,29300.93,7618137.73,0.00,54240.51,189015.99,1051995.60,3203447.58,196765.96,256938.48
2025-05-29,-2.20,-16.08,2.89,105.48,0.00,0.41,1.24,11.41,26.35,4.18,9.41,14.10,12.99,12.10,13798.67,637.74,124918.14,0.00,305.11,0.00,80.89,134309.67,10203061.89,0.00,55043.41,193166.31,1380566.80,2668089.57,286462.69,562530.87
2025-05-30,-1.39,-14.61,9.10,104.87,1.80,1.55,1.82,13.63,15.26,5.42,7.19,15.50,12.79,10.50,12938.79,2472.27,124029.18,976.94,919.02,0.00,102.26,122514.32,12184096.34,285829.33,230085.31,285237.22,1802289.59,1761218.67,562115.14,697841.87
2025-05-31,-1.76,-13.38,3.24,98.76,3.78,5.61,1.58,14.14,5.35,4.90,9.56,15.00,13.27,10.40,12393.01,826.06,116059.82,2051.18,3206.19,0.00,120.69,142701.37,12357251.87,634713.08,813259.03,292129.22,2123750.60,722188.68,407288.93,738318.10
2025-06-01,-1.85,-26.30,1.36,90.46,1.98,0.51,1.28,8.87,40.13,4.41,11.49,15.50,10.09,6.10,18844.51,56.59,106370.82,1075.95,362.49,0.00,131.13,34873.53,6626856.42,286758.02,73912.90,188898.84,959174.72,2604214.54,85854.16,132405.26
2025-06-02,-2.10,-21.85,3.76,96.55,2.63,4.18,1.97,11.63,36.04,2.68,9.22,17.90,13.54,9.70,16575.62,833.33,113502.72,1429.96,2649.70,0.00,77.55,146602.55,10770637.31,410298.27,623298.38,311741.06,1666984.58,3788622.61,317149.86,1030177.33
2025-06-03,-1.83,-16.45,1.68,96.22,4.81,2.88,1.46,11.03,41.52,3.04,7.22,20.00,14.38,11.50,12267.65,328.42,112873.22,2609.49,1827.48,0.00,119.39,122765.09,10681700.67,656114.11,434363.24,257813.49,1522665.91,4379367.61,187508.21,365861.15
2025-06-04,-2.07,-11.54,10.30,96.84,6.14,6.89,1.90,14.39,20.65,4.76,8.99,13.10,10.12,6.60,9317.69,1395.62,113540.76,3332.48,4147.30,0.00,115.81,161373.02,12745658.68,1016220.70,1213617.14,399333.20,2335635.60,2393505.60,535016.87,877164.72
2025-06-05,-1.80,-13.67,7.79,96.42,6.24,7.88,1.57,13.92,22.74,4.30,10.84,13.40,9.02,5.10,10824.84,780.56,113049.61,3389.39,4818.44,0.00,141.17,142490.29,11263175.00,912384.67,1185059.36,303420.67,1926295.06,2512394.12,385409.31,846414.84
2025-06-06,-1.37,-20.97,1.84,80.75,0.00,1.40,1.10,3.32,87.64,1.67,3.66,15.80,12.18,9.60,11408.65,69.06,94734.32,0.00,1031.08,0.00,124.19,63039.50,5728692.92,0.00,184966.19,148059.71,350621.88,6104187.54,127781.35,267283.00
2025-06-07,-1.80,-19.80,8.96,71.08,0.00,3.28,1.51,8.33,65.31,1.97,5.29,14.70,12.26,10.00,10445.25,1111.53,83702.60,0.00,2078.93,0.00,75.03,46278.92,4847787.33,0.00,482159.58,189363.08,1050585.81,3118508.58,40572.58,138320.85
2025-06-08,-1.86,-19.25,4.00,75.25,2.02,2.84,1.34,3.57,68.93,2.73,4.96,14.30,9.99,8.10,11337.13,131.81,88847.75,1096.84,1974.40,0.00,70.68,37958.07,4818346.70,194073.51,273733.83,121624.48,336980.87,4296234.13,150819.50,237738.92
2025-06-09,-1.83,-18.91,5.11,83.59,4.43,5.64,1.39,9.95,40.07,3.88,6.37,11.70,10.46,8.90,12401.45,2273.01,98229.69,2406.66,3411.00,0.00,66.25,193594.68,9363725.12,721488.00,887633.97,208814.16,1434448.62,3361887.17,479010.13,852789.83
2025-06-10,-1.98,-4.16,13.95,83.80,9.31,17.83,1.46,17.08,3.96,3.78,8.86,14.00,11.38,8.60,3674.20,5141.20,98475.67,5057.16,11057.21,0.00,118.65,318165.76,16044965.95,1874113.87,3697773.93,376116.05,3560095.80,774584.03,637530.87,1427199.90
2025-06-11,-1.21,-5.17,14.56,83.31,10.95,20.38,1.61,17.67,3.76,2.73,9.47,14.40,10.00,5.50,4374.59,5218.85,97942.24,5943.39,13497.04,0.00,199.37,248576.40,48263624.36,7159260.69,17878115.89,5274821.59,13020728.14,1023404.40,619732.30,1980710.69
2025-06-12,-2.66,-3.32,18.06,87.58,7.75,13.78,2.37,22.26,2.07,3.73,9.42,14.10,8.83,5.00,2901.47,6160.53,103516.99,4206.89,8544.54,0.00,702.75,600873.55,144505950.46,20541832.44,38262320.55,13376399.48,54515427.88,2239885.05,890543.41,2082307.35
2025-06-13,-2.94,-6.17,15.37,97.21,7.96,14.33,2.47,17.71,2.69,4.55,11.55,14.70,7.87,3.80,5398.82,5742.16,114087.94,4323.06,8919.70,0.00,2129.87,554713.88,24677828.96,2031609.30,4306154.85,1052377.47,5040466.70,683698.56,737747.74,1758916.32
2025-06-14,-1.43,-19.84,5.91,91.88,0.42,0.40,1.16,3.39,60.60,3.67,9.36,13.70,7.83,3.90,13284.67,1801.28,107923.92,228.81,222.74,0.00,269.45,14854.74,8277272.38,62562.75,59139.51,176837.87,358591.85,5131085.20,53807.86,77782.41
2025-06-15,-1.82,-20.48,5.62,94.93,2.76,3.00,1.52,8.78,38.26,2.91,6.97,11.80,10.23,6.90,15199.85,2429.66,111181.56,1500.16,1783.90,0.00,90.36,236656.52,12867146.27,491522.37,531007.70,275833.46,1370977.22,4566672.69,446023.86,992210.52
2025-06-16,-2.09,-28.77,4.38,78.25,1.83,1.57,1.72,4.85,90.62,3.45,7.67,13.40,11.01,9.60,14734.16,131.53,91071.39,996.24,981.95,0.00,140.55,20284.17,6077538.88,295641.23,248684.47,277786.11,544185.90,6283353.41,100784.30,30237.59
2025-06-17,-2.22,-28.92,5.60,86.85,7.00,7.85,1.74,7.88,64.26,2.83,8.46,13.50,11.18,9.20,16833.87,1769.99,101009.48,3803.24,5760.34,0.00,80.84,79109.36,10503002.31,1243061.58,2064086.58,417795.99,1447964.98,5080307.62,202334.13,514713.39
2025-06-18,-2.43,-6.37,17.48,88.86,8.94,17.23,2.12,16.04,14.83,2.95,6.36,12.90,9.72,5.20,5033.03,6030.32,103304.53,4855.24,11824.84,0.00,133.66,411509.81,27543490.37,3287370.05,8204155.19,1429495.39,4906885.73,4140776.76,610509.73,1260979.54
2025-06-19,-2.70,-13.75,4.59,91.57,8.40,6.60,2.09,11.48,49.24,2.28,7.92,12.30,9.49,7.00,9157.18,1583.99,106716.07,4563.02,4140.03,0.00,348.58,365966.61,14872335.64,1476276.71,1175490.79,503425.81,2016264.14,7754543.58,383042.84,1258994.15
2025-06-20,-2.28,-15.11,4.44,98.30,5.20,8.49,2.12,7.17,32.27,5.73,11.34,12.50,8.87,5.80,11069.19,909.49,115484.43,2824.45,5622.59,0.00,168.31,193355.21,13619167.49,936628.14,1592878.38,429518.72,1198809.25,4234662.71,550238.81,930644.01
2025-06-21,-2.12,-13.68,6.73,96.93,0.00,1.65,1.87,4.55,36.54,5.74,11.10,17.20,10.36,4.80,10623.99,2149.11,113953.63,0.00,944.83,0.00,146.75,125170.19,10014382.62,0.00,253036.82,311023.74,525628.19,3800726.11,314441.27,498017.96
2025-06-22,-1.53,-27.73,11.58,83.56,0.00,0.02,1.13,3.12,63.38,5.02,10.62,12.70,9.25,5.40,17632.45,270.03,98373.54,0.00,9.09,0.00,109.26,-16100.55,3874048.88,0.00,1189.58,147910.95,195470.30,2788970.90,10426.45,-11943.53
2025-06-23,-1.29,-38.09,4.27,72.52,0.00,0.00,0.75,3.25,93.35,2.18,10.21,15.90,13.40,10.30,18731.14,89.61,85518.60,0.00,0.00,0.00,46.81,-16004.22,1107726.06,0.00,0.00,39035.25,63236.62,1149935.47,13149.05,11547.93
2025-06-24,-1.43,-35.16,1.94,81.35,0.00,1.11,1.32,3.46,94.59,2.47,6.67,18.80,15.63,11.70,18222.51,41.25,96430.58,0.00,676.53,0.00,14.81,40860.10,3903826.77,0.00,196842.09,175412.97,320715.67,3664786.92,44447.29,114244.69
2025-06-25,-2.16,-19.41,6.07,88.58,0.00,6.15,0.87,1.38,78.35,2.82,6.31,13.00,11.01,8.10,11426.17,2251.01,105266.32,0.00,4147.89,0.00,49.53,88008.93,8102760.19,0.00,1237670.41,102357.14,220488.46,6037241.90,127618.48,252025.53
2025-06-26,-1.22,-4.03,15.68,94.45,6.29,24.37,1.96,9.81,6.44,5.14,7.84,9.50,7.73,6.50,3677.61,5991.99,112258.70,3416.61,17021.55,0.00,98.14,365121.85,192269454.93,21389322.24,62586275.42,13327231.32,46900244.73,3281962.68,1630771.16,3888576.20
2025-06-27,-2.28,-6.32,16.43,96.72,8.64,22.80,1.54,8.24,1.45,4.45,9.16,12.80,8.99,5.90,6091.39,8728.73,114927.74,4690.62,15701.41,0.00,2358.77,536911.60,30192154.55,2865975.05,7467560.17,663276.00,2915753.71,387964.78,1131529.48,2141154.52
2025-06-28,-1.72,-15.62,8.72,106.96,7.39,14.49,1.71,5.10,7.66,4.84,7.46,13.80,10.63,7.20,14858.41,4087.75,126751.38,4015.32,9748.93,0.00,329.05,263811.28,20596871.42,1543444.80,3151189.34,410232.01,1074483.64,1535594.91,763296.98,1067788.07
2025-06-29,-1.63,-16.10,5.90,107.34,3.46,16.22,1.26,2.72,15.05,3.10,6.54,14.70,10.55,7.90,15100.47,2259.97,127249.79,1880.78,10882.72,0.00,197.82,278846.73,20211232.39,758427.41,3244383.99,287428.01,578652.65,2872589.15,549292.77,1129254.29
2025-06-30,-1.73,-10.22,5.28,107.29,7.26,17.80,1.59,5.47,13.13,3.97,9.88,12.60,10.36,7.60,9369.83,597.45,127194.79,3940.55,11784.26,0.00,191.84,301263.97,22546287.57,1708224.68,4151626.61,445737.42,1318241.35,2828265.36,708050.79,1644805.61
2025-07-01,-2.28,-7.40,6.27,101.93,7.21,11.38,1.99,5.25,25.77,5.18,6.85,12.70,9.55,5.70,6434.28,3484.85,121025.75,3914.30,6871.32,0.00,218.47,410339.60,19280428.05,1537354.46,2303352.80,483965.43,1176480.33,5036819.33,1142097.57,1543826.64
2025-07-02,-2.36,-9.33,5.72,106.71,3.07,9.57,1.74,9.88,29.52,5.25,4.43,13.60,11.55,9.80,7611.98,3119.99,126399.65,1669.61,5799.56,0.00,197.10,317615.81,18780801.91,662775.57,1990568.36,358244.94,2036954.57,5205590.54,998494.91,808188.23
2025-07-03,-2.60,-5.89,8.08,105.38,5.85,12.93,1.62,8.85,5.68,5.07,9.57,10.80,10.11,9.30,5508.91,3918.78,124727.57,3177.83,8005.27,0.00,182.82,327216.02,19525166.21,1266245.71,2736948.17,416903.20,1982724.93,1057332.86,609427.95,979844.21